ph,salinity,moisture,tds,light,temperature,humidity,timestamp
420,868,33,1022,83,31.1,46,2023-09-27 3:28:24:010
423,867,38,1016,83,31.1,46,2023-09-27 3:28:28.100
420,868,34,1021,84,31.1,46,2023-09-27 3:28:32.100
421,865,35,1019,85,31.1,46,2023-09-27 3:28:36.100
421,865,35,1018,85,31.1,46,2023-09-27 3:28:40.100
420,867,32,1021,85,31.1,46,2023-09-27 3:28:44.100
420,868,32,1021,86,31.1,46,2023-09-27 3:28:48.100
420,867,35,1018,86,31.1,46,2023-09-27 3:28:52.100
420,869,34,1020,86,31.1,46,2023-09-27 3:28:56.100
424,867,37,1017,86,31.1,46,2023-09-27 3:29:00.100
419,869,33,1020,86,31.1,46,2023-09-27 3:29:04.100
422,866,35,1018,86,31.1,46,2023-09-27 3:29:08.100
420,871,33,1020,86,31.1,46,2023-09-27 3:29:12.100
420,865,37,1019,86,31.2,46,2023-09-27 3:29:16.100
421,867,35,1019,85,31.1,46,2023-09-27 3:29:20.100
419,868,32,1019,86,31.1,46,2023-09-27 3:29:24.100
422,867,37,1018,86,31.1,46,2023-09-27 3:29:28.100
420,870,34,1022,85,31.2,46,2023-09-27 3:29:32.100
422,867,37,1015,85,31.1,46,2023-09-27 3:29:36.100
421,867,37,1017,85,31.1,46,2023-09-27 3:29:40.100
419,870,34,1020,85,31.1,46,2023-09-27 3:29:44.100
420,868,36,1020,85,31.1,46,2023-09-27 3:29:48.100
421,865,37,1016,85,31.1,46,2023-09-27 3:29:52.100
420,865,35,1018,85,31.2,46,2023-09-27 3:29:56.100
420,867,35,1021,85,31.1,46,2023-09-27 3:30:00.100
422,867,37,1016,85,31.1,46,2023-09-27 3:30:04.100
421,867,33,1020,85,31.1,46,2023-09-27 3:30:08.100
422,865,35,1018,85,31.2,46,2023-09-27 3:30:12.100
421,866,36,1017,85,31.1,46,2023-09-27 3:30:16.100
421,866,35,1017,85,31.2,46,2023-09-27 3:30:20.100
420,868,34,1021,85,31.1,47,2023-09-27 3:30:24.100
422,868,34,1019,85,31.2,47,2023-09-27 3:30:28.100
423,866,34,1018,85,31.1,47,2023-09-27 3:30:32.100
419,867,34,1019,85,31.2,47,2023-09-27 3:30:36.100
421,868,35,1018,85,31.2,47,2023-09-27 3:30:40.100
421,867,34,1020,85,31.1,47,2023-09-27 3:30:44.100
419,869,36,1019,85,31.1,47,2023-09-27 3:30:48.100
420,865,36,1019,85,31.1,47,2023-09-27 3:30:52.100
421,866,35,1017,85,31.2,47,2023-09-27 3:30:56.100
422,865,37,1016,85,31.2,47,2023-09-27 3:31:00.100
422,867,35,1019,85,31.2,47,2023-09-27 3:31:04.100
421,866,35,1019,85,31.2,47,2023-09-27 3:31:08.100
419,867,33,1020,85,31.2,47,2023-09-27 3:31:12.100
420,865,37,1019,85,31.1,47,2023-09-27 3:31:16.100
420,868,33,1018,85,31.2,47,2023-09-27 3:31:20.100
422,864,38,1018,85,31.1,47,2023-09-27 3:31:24.100
422,865,38,1016,85,31.1,47,2023-09-27 3:31:28.100
420,868,35,1020,85,31.2,47,2023-09-27 3:31:32.100
420,868,33,1020,85,31.2,47,2023-09-27 3:31:36.100
419,869,33,1018,85,31.2,47,2023-09-27 3:31:40.100
421,865,37,1018,85,31.1,47,2023-09-27 3:31:44.100
421,865,36,1018,85,31.2,47,2023-09-27 3:31:48.100
422,865,38,1016,85,31.2,47,2023-09-27 3:31:52.100
421,864,37,1017,85,31.2,47,2023-09-27 3:31:56.100
421,868,34,1022,85,31.2,47,2023-09-27 3:32:00.100
421,867,37,1019,85,31.2,47,2023-09-27 3:32:04.100
423,868,36,1018,85,31.2,47,2023-09-27 3:32:08.100
420,870,33,1021,85,31.2,47,2023-09-27 3:32:12.100
420,869,35,1021,85,31.2,47,2023-09-27 3:32:16.100
421,869,35,1019,85,31.2,47,2023-09-27 3:32:20.100
421,869,33,1019,85,31.2,47,2023-09-27 3:32:24.100
420,869,36,1019,85,31.3,47,2023-09-27 3:32:28.100
422,865,37,1016,85,31.2,47,2023-09-27 3:32:32.100
421,869,35,1020,85,31.2,47,2023-09-27 3:32:36.100
420,869,35,1020,85,31.2,47,2023-09-27 3:32:40.100
420,869,36,1020,85,31.2,47,2023-09-27 3:32:44.100
420,869,33,1018,85,31.2,48,2023-09-27 3:32:48.100
418,868,33,1020,85,31.2,47,2023-09-27 3:32:52.100
420,867,34,1020,85,31.2,48,2023-09-27 3:32:56.100
422,866,37,1017,85,31.3,47,2023-09-27 3:33:00.100
423,867,37,1018,85,31.3,48,2023-09-27 3:33:04.100
419,868,34,1021,85,31.3,48,2023-09-27 3:33:08.100
423,866,35,1020,85,31.2,48,2023-09-27 3:33:12.100
421,867,36,1019,85,31.3,48,2023-09-27 3:33:16.100
421,866,38,1017,85,31.3,48,2023-09-27 3:33:20.100
420,868,34,1019,85,31.2,48,2023-09-27 3:33:24.100
422,868,35,1021,85,31.3,48,2023-09-27 3:33:28.100
420,867,34,1020,85,31.2,48,2023-09-27 3:33:32.100
422,867,39,1016,85,31.2,48,2023-09-27 3:33:36.100
421,866,38,1017,85,31.2,48,2023-09-27 3:33:40.100
421,869,35,1021,85,31.3,48,2023-09-27 3:33:44.100
419,868,34,1018,85,31.3,48,2023-09-27 3:33:48.100
420,867,34,1022,85,31.3,48,2023-09-27 3:33:52.100
419,868,33,1020,85,31.2,48,2023-09-27 3:33:56.100
420,868,37,1018,85,31.2,48,2023-09-27 3:34:00.100
421,868,36,1022,85,31.4,48,2023-09-27 3:34:04.100
422,865,37,1015,85,31.3,48,2023-09-27 3:34:08.100
421,865,38,1016,85,31.3,48,2023-09-27 3:34:12.100
422,866,38,1016,85,31.3,48,2023-09-27 3:34:16.100
424,864,38,1017,85,31.3,48,2023-09-27 3:34:20.100
420,868,33,1020,85,31.2,48,2023-09-27 3:34:24.100
421,867,33,1020,85,31.3,48,2023-09-27 3:34:28.100
421,867,38,1018,85,31.3,48,2023-09-27 3:34:32.100
422,865,38,1015,85,31.3,48,2023-09-27 3:34:36.100
420,869,33,1021,85,31.3,48,2023-09-27 3:34:40.100
423,868,34,1022,85,31.2,48,2023-09-27 3:34:44.100
421,868,38,1021,85,31.3,48,2023-09-27 3:34:48.100
420,867,34,1021,85,31.3,48,2023-09-27 3:34:52.100
421,867,35,1021,85,31.3,48,2023-09-27 3:34:56.100
419,870,34,1022,85,31.2,48,2023-09-27 3:35:00.100
420,869,35,1018,85,31.3,48,2023-09-27 3:35:04.100
421,870,33,1020,85,31.4,48,2023-09-27 3:35:08.100
424,865,40,1018,85,31.3,48,2023-09-27 3:35:12.100
421,866,37,1018,85,31.3,48,2023-09-27 3:35:16.100
423,866,35,1021,85,31.3,48,2023-09-27 3:35:20.100
420,870,34,1022,85,31.4,48,2023-09-27 3:35:24.100
422,865,39,1017,85,31.3,48,2023-09-27 3:35:28.100
422,867,37,1017,85,31.4,48,2023-09-27 3:35:32.100
423,866,34,1019,85,31.3,48,2023-09-27 3:35:36.100
423,866,39,1015,85,31.4,48,2023-09-27 3:35:40.100
422,867,36,1017,85,31.4,48,2023-09-27 3:35:44.100
422,865,38,1018,85,31.3,48,2023-09-27 3:35:48.100
422,866,38,1018,85,31.4,48,2023-09-27 3:35:52.100
421,867,34,1019,85,31.4,48,2023-09-27 3:35:56.100
422,865,40,1018,85,31.3,48,2023-09-27 3:36:00.100
423,865,37,1018,85,31.3,48,2023-09-27 3:36:04.100
423,864,39,1017,85,31.4,48,2023-09-27 3:36:08.100
423,866,35,1017,85,31.4,48,2023-09-27 3:36:12.100
420,868,33,1020,85,31.4,48,2023-09-27 3:36:16.100
422,869,36,1018,85,31.3,48,2023-09-27 3:36:20.100
423,866,38,1018,85,31.3,48,2023-09-27 3:36:24.100
424,864,38,1018,85,31.4,48,2023-09-27 3:36:28.100
423,866,39,1017,85,31.4,48,2023-09-27 3:36:32.100
420,869,37,1019,85,31.4,48,2023-09-27 3:36:36.100
423,866,38,1019,85,31.4,48,2023-09-27 3:36:40.100
421,868,36,1020,85,31.4,48,2023-09-27 3:36:44.100
423,865,39,1017,85,31.3,48,2023-09-27 3:36:48.100
423,867,38,1021,85,31.3,48,2023-09-27 3:36:52.100
419,867,36,1018,85,31.4,48,2023-09-27 3:36:56.100
421,869,38,1021,85,31.3,48,2023-09-27 3:37:00.100
424,866,37,1018,85,31.4,48,2023-09-27 3:37:04.100
420,869,36,1018,85,31.4,48,2023-09-27 3:37:08.100
422,867,40,1019,85,31.4,48,2023-09-27 3:37:12.100
420,867,37,1018,85,31.3,48,2023-09-27 3:37:16.100
423,867,37,1018,85,31.4,48,2023-09-27 3:37:20.100
422,866,40,1018,85,31.4,48,2023-09-27 3:37:24.100
423,866,38,1017,85,31.4,48,2023-09-27 3:37:28.100
422,865,39,1016,85,31.4,48,2023-09-27 3:37:32.100
424,865,39,1017,85,31.4,48,2023-09-27 3:37:36.100
422,866,37,1017,85,31.4,48,2023-09-27 3:37:40.100
421,869,37,1020,85,31.3,48,2023-09-27 3:37:44.100
421,866,38,1017,85,31.4,48,2023-09-27 3:37:48.100
421,865,37,1017,85,31.4,48,2023-09-27 3:37:52.100
422,866,35,1019,85,31.4,48,2023-09-27 3:37:56.100
423,865,37,1017,85,31.4,48,2023-09-27 3:38:00.100
420,869,34,1020,85,31.4,48,2023-09-27 3:38:04.100
419,867,35,1021,85,31.4,48,2023-09-27 3:38:08.100
421,868,36,1021,85,31.4,48,2023-09-27 3:38:12.100
423,869,35,1022,85,31.4,48,2023-09-27 3:38:16.100
422,865,39,1017,85,31.4,48,2023-09-27 3:38:20.100
422,864,38,1020,85,31.4,48,2023-09-27 3:38:24.100
421,868,37,1022,85,31.4,48,2023-09-27 3:38:28.100
421,870,36,1021,85,31.4,48,2023-09-27 3:38:32.100
421,868,36,1019,85,31.4,48,2023-09-27 3:38:36.100
420,869,37,1019,85,31.4,48,2023-09-27 3:38:40.100
422,866,37,1017,85,31.4,48,2023-09-27 3:38:44.100
421,869,36,1021,85,31.4,48,2023-09-27 3:38:48.100
422,867,35,1022,85,31.4,48,2023-09-27 3:38:52.100
420,870,37,1021,85,31.4,48,2023-09-27 3:38:56.100
422,865,38,1017,85,31.4,48,2023-09-27 3:39:00.100
423,866,38,1015,85,31.4,48,2023-09-27 3:39:04.100
422,866,38,1018,85,31.4,48,2023-09-27 3:39:08.100
421,868,38,1019,85,31.4,48,2023-09-27 3:39:12.100
421,869,37,1018,85,31.4,48,2023-09-27 3:39:16.100
421,868,35,1021,85,31.4,48,2023-09-27 3:39:20.100
423,866,40,1017,85,31.4,48,2023-09-27 3:39:24.100
420,867,33,1021,85,31.4,48,2023-09-27 3:39:28.100
423,865,37,1018,85,31.4,48,2023-09-27 3:39:32.100
424,866,39,1016,85,31.4,48,2023-09-27 3:39:36.100
419,867,35,1019,85,31.4,48,2023-09-27 3:39:40.100
421,865,37,1018,85,31.4,48,2023-09-27 3:39:44.100
422,866,38,1017,85,31.4,48,2023-09-27 3:39:48.100
420,867,35,1021,85,31.4,48,2023-09-27 3:39:52.100
421,869,34,1019,85,31.4,48,2023-09-27 3:39:56.100
421,867,37,1017,86,31.4,48,2023-09-27 3:40:00.100
423,867,37,1018,85,31.4,48,2023-09-27 3:40:04.100
421,865,38,1019,86,31.4,48,2023-09-27 3:40:08.100
424,866,38,1020,86,31.4,48,2023-09-27 3:40:12.100
422,867,36,1018,86,31.4,48,2023-09-27 3:40:16.100
423,868,36,1020,85,31.4,48,2023-09-27 3:40:20.100
422,865,38,1018,85,31.4,48,2023-09-27 3:40:24.100
420,868,34,1022,86,31.4,48,2023-09-27 3:40:28.100
422,866,38,1017,86,31.4,48,2023-09-27 3:40:32.100
421,868,36,1021,85,31.4,48,2023-09-27 3:40:36.100
420,869,36,1021,85,31.4,48,2023-09-27 3:40:40.100
422,867,35,1021,85,31.4,48,2023-09-27 3:40:44.100
419,869,34,1021,85,31.4,48,2023-09-27 3:40:48.100
420,869,34,1019,86,31.4,48,2023-09-27 3:40:52.100
420,869,36,1020,85,31.4,48,2023-09-27 3:40:56.100
423,868,38,1018,85,31.4,48,2023-09-27 3:41:00.100
423,865,37,1018,86,31.4,48,2023-09-27 3:41:04.100
421,865,39,1017,85,31.4,48,2023-09-27 3:41:08.100
420,869,36,1018,85,31.4,48,2023-09-27 3:41:12.100
422,867,36,1019,85,31.4,48,2023-09-27 3:41:16.100
422,865,38,1018,86,31.4,48,2023-09-27 3:41:20.100
423,867,39,1018,86,31.4,48,2023-09-27 3:41:24.100
422,866,37,1017,85,31.4,48,2023-09-27 3:41:28.100
422,865,37,1019,86,31.4,48,2023-09-27 3:41:32.100
421,868,39,1019,85,31.4,48,2023-09-27 3:41:36.100
421,867,37,1019,85,31.4,48,2023-09-27 3:41:40.100
421,867,35,1017,85,31.4,48,2023-09-27 3:41:44.100
423,864,38,1018,86,31.4,48,2023-09-27 3:41:48.100
421,866,37,1016,86,31.4,48,2023-09-27 3:41:52.100
421,865,37,1017,86,31.4,48,2023-09-27 3:41:56.100
420,867,35,1018,85,31.4,48,2023-09-27 3:42:00.100
422,868,36,1020,85,31.4,48,2023-09-27 3:42:04.100
422,865,40,1019,85,31.4,48,2023-09-27 3:42:08.100
421,865,37,1017,85,31.4,48,2023-09-27 3:42:12.100
423,867,37,1019,85,31.4,48,2023-09-27 3:42:16.100
420,869,35,1022,86,31.4,48,2023-09-27 3:42:20.100
421,865,38,1017,85,31.4,48,2023-09-27 3:42:24.100
422,866,36,1021,85,31.4,48,2023-09-27 3:42:28.100
421,869,35,1021,85,31.4,48,2023-09-27 3:42:32.100
422,866,39,1016,85,31.4,48,2023-09-27 3:42:36.100
421,869,36,1020,85,31.4,48,2023-09-27 3:42:40.100
423,866,37,1017,85,31.4,48,2023-09-27 3:42:44.100
424,865,37,1019,85,31.4,48,2023-09-27 3:42:48.100
421,868,36,1020,85,31.4,48,2023-09-27 3:42:52.100
422,865,39,1016,85,31.4,48,2023-09-27 3:42:56.100
422,866,37,1017,85,31.4,48,2023-09-27 3:43:00.100
419,868,34,1021,85,31.5,48,2023-09-27 3:43:04.100
421,866,39,1017,85,31.4,48,2023-09-27 3:43:08.100
420,866,36,1018,85,31.4,48,2023-09-27 3:43:12.100
419,867,35,1019,85,31.5,49,2023-09-27 3:43:16.100
422,865,38,1018,85,31.4,49,2023-09-27 3:43:20.100
421,869,37,1017,85,31.4,48,2023-09-27 3:43:24.100
419,870,34,1020,85,31.5,48,2023-09-27 3:43:28.100
422,867,39,1016,85,31.4,49,2023-09-27 3:43:32.100
422,866,39,1017,85,31.4,48,2023-09-27 3:43:36.100
421,867,38,1018,85,31.4,49,2023-09-27 3:43:40.100
420,870,35,1020,85,31.4,49,2023-09-27 3:43:44.100
422,866,37,1016,85,31.4,49,2023-09-27 3:43:48.100
422,865,37,1017,85,31.4,49,2023-09-27 3:43:52.100
420,868,34,1021,85,31.4,49,2023-09-27 3:43:56.100
421,866,32,1019,87,31.4,49,2023-09-27 3:44:00.100
422,866,36,1017,84,31.5,49,2023-09-27 3:44:04.100
420,868,37,1017,84,31.5,49,2023-09-27 3:44:08.100
419,867,35,1019,83,31.4,49,2023-09-27 3:44:12.100
421,869,37,1021,85,31.4,49,2023-09-27 3:44:16.100
422,864,37,1018,85,31.4,49,2023-09-27 3:44:20.100
420,869,35,1022,85,31.5,49,2023-09-27 3:44:24.100
422,865,36,1018,85,31.4,49,2023-09-27 3:44:28.100
419,867,34,1021,85,31.4,49,2023-09-27 3:44:32.100
423,866,36,1018,85,31.4,49,2023-09-27 3:44:36.100
422,867,35,1021,85,31.5,49,2023-09-27 3:44:40.100
419,870,34,1022,85,31.4,49,2023-09-27 3:44:44.100
421,865,35,1020,85,31.5,49,2023-09-27 3:44:48.100
421,868,37,1017,85,31.4,49,2023-09-27 3:44:52.100
422,866,38,1019,85,31.4,49,2023-09-27 3:44:56.100
420,866,37,1019,85,31.5,49,2023-09-27 3:45:00.100
422,867,38,1017,85,31.4,49,2023-09-27 3:45:04.100
422,867,34,1022,85,31.5,49,2023-09-27 3:45:08.100
421,866,37,1017,85,31.4,49,2023-09-27 3:45:12.100
422,866,34,1018,85,31.4,49,2023-09-27 3:45:16.100
422,869,36,1020,85,31.4,49,2023-09-27 3:45:20.100
422,865,39,1017,85,31.4,49,2023-09-27 3:45:24.100
419,869,32,1021,85,31.4,49,2023-09-27 3:45:28.100
421,869,38,1018,85,31.5,49,2023-09-27 3:45:32.100
420,870,34,1020,85,31.5,49,2023-09-27 3:45:36.100
422,866,38,1019,85,31.5,49,2023-09-27 3:45:40.100
419,867,34,1019,85,31.5,49,2023-09-27 3:45:44.100
424,866,40,1016,85,31.5,49,2023-09-27 3:45:48.100
423,865,37,1017,85,31.5,49,2023-09-27 3:45:52.100
419,866,33,1018,85,31.5,49,2023-09-27 3:45:56.100
420,868,35,1017,85,31.5,49,2023-09-27 3:46:00.100
422,867,37,1018,85,31.5,49,2023-09-27 3:46:04.100
423,866,35,1017,85,31.5,49,2023-09-27 3:46:08.100
420,869,34,1021,85,31.5,49,2023-09-27 3:46:12.100
420,868,35,1020,85,31.5,49,2023-09-27 3:46:16.100
422,867,37,1017,85,31.5,49,2023-09-27 3:46:20.100
422,866,37,1018,85,31.5,49,2023-09-27 3:46:24.100
419,868,33,1021,85,31.5,49,2023-09-27 3:46:28.100
419,868,34,1021,84,31.5,49,2023-09-27 3:46:32.100
420,868,36,1019,85,31.5,49,2023-09-27 3:46:36.100
421,866,38,1018,84,31.5,49,2023-09-27 3:46:40.100
422,866,38,1018,84,31.5,49,2023-09-27 3:46:44.100
421,867,33,1021,84,31.5,49,2023-09-27 3:46:48.100
419,869,34,1020,85,31.4,49,2023-09-27 3:46:52.100
420,867,34,1020,84,31.5,49,2023-09-27 3:46:56.100
421,869,35,1020,84,31.5,49,2023-09-27 3:47:00.100
424,866,36,1017,84,31.5,49,2023-09-27 3:47:04.100
420,868,34,1021,84,31.5,49,2023-09-27 3:47:08.100
421,868,35,1019,84,31.5,49,2023-09-27 3:47:12.100
422,866,34,1019,84,31.5,49,2023-09-27 3:47:16.100
421,867,35,1021,85,31.5,49,2023-09-27 3:47:20.100
421,865,38,1017,85,31.5,49,2023-09-27 3:47:24.100
419,870,34,1021,85,31.5,49,2023-09-27 3:47:28.100
421,867,33,1019,85,31.5,49,2023-09-27 3:47:32.100
419,870,37,1020,84,31.5,49,2023-09-27 3:47:36.100
421,867,33,1020,85,31.5,49,2023-09-27 3:47:40.100
420,869,34,1021,85,31.5,49,2023-09-27 3:47:44.100
422,865,38,1017,84,31.5,49,2023-09-27 3:47:48.100
423,866,37,1016,85,31.5,49,2023-09-27 3:47:52.100
421,867,38,1019,85,31.5,49,2023-09-27 3:47:56.100
422,866,37,1017,85,31.5,49,2023-09-27 3:48:00.100
421,867,35,1021,84,31.5,49,2023-09-27 3:48:04.100
422,865,38,1018,84,31.6,49,2023-09-27 3:48:08.100
421,865,37,1017,84,31.5,49,2023-09-27 3:48:12.100
421,865,38,1016,84,31.6,49,2023-09-27 3:48:16.100
420,868,36,1019,84,31.6,49,2023-09-27 3:48:20.100
421,867,33,1021,84,31.5,49,2023-09-27 3:48:24.100
420,869,35,1022,84,31.6,49,2023-09-27 3:48:28.100
421,865,38,1018,84,31.5,49,2023-09-27 3:48:32.100
419,867,34,1022,84,31.6,49,2023-09-27 3:48:36.100
421,866,35,1018,84,31.6,49,2023-09-27 3:48:40.100
420,867,36,1020,84,31.6,49,2023-09-27 3:48:44.100
421,870,34,1021,84,31.6,49,2023-09-27 3:48:48.100
422,866,37,1017,84,31.6,49,2023-09-27 3:48:52.100
421,866,35,1020,84,31.6,50,2023-09-27 3:48:56.100
423,866,34,1020,84,31.6,50,2023-09-27 3:49:00.100
422,865,38,1018,84,31.6,50,2023-09-27 3:49:04.100
422,866,35,1019,84,31.5,50,2023-09-27 3:49:08.100
420,868,37,1018,84,31.5,50,2023-09-27 3:49:12.100
420,867,38,1018,84,31.5,50,2023-09-27 3:49:16.100
421,870,34,1022,84,31.6,50,2023-09-27 3:49:20.100
420,868,35,1018,84,31.5,50,2023-09-27 3:49:24.100
421,867,35,1019,84,31.6,49,2023-09-27 3:49:28.100
422,871,38,1021,84,31.6,50,2023-09-27 3:49:32.100
424,866,36,1017,84,31.5,50,2023-09-27 3:49:36.100
421,866,38,1017,84,31.5,50,2023-09-27 3:49:40.100
421,868,37,1019,84,31.6,50,2023-09-27 3:49:44.100
423,864,38,1018,84,31.6,50,2023-09-27 3:49:48.100
420,868,34,1018,84,31.6,50,2023-09-27 3:49:52.100
423,864,37,1017,84,31.6,50,2023-09-27 3:49:56.100
421,866,37,1018,84,31.5,50,2023-09-27 3:50:00.100
424,866,35,1017,84,31.5,50,2023-09-27 3:50:04.100
418,867,36,1018,84,31.5,50,2023-09-27 3:50:08.100
422,865,38,1017,84,31.5,50,2023-09-27 3:50:12.100
422,867,37,1017,84,31.6,50,2023-09-27 3:50:16.100
419,870,34,1021,84,31.5,50,2023-09-27 3:50:20.100
420,868,37,1020,84,31.5,50,2023-09-27 3:50:24.100
419,867,36,1021,84,31.6,49,2023-09-27 3:50:28.100
422,867,34,1019,84,31.5,50,2023-09-27 3:50:32.100
423,866,38,1018,84,31.6,50,2023-09-27 3:50:36.100
422,867,36,1018,84,31.5,50,2023-09-27 3:50:40.100
422,867,37,1015,84,31.6,50,2023-09-27 3:50:44.100
421,866,36,1017,84,31.6,50,2023-09-27 3:50:48.100
420,870,34,1021,84,31.5,50,2023-09-27 3:50:52.100
420,870,35,1019,84,31.6,50,2023-09-27 3:50:56.100
421,865,38,1020,84,31.6,50,2023-09-27 3:51:00.100
421,865,35,1021,84,31.6,50,2023-09-27 3:51:04.100
422,866,37,1017,84,31.6,50,2023-09-27 3:51:08.100
420,868,36,1018,84,31.6,50,2023-09-27 3:51:12.100
421,865,36,1019,84,31.6,50,2023-09-27 3:51:16.100
423,868,36,1018,84,31.6,50,2023-09-27 3:51:20.100
419,866,34,1021,84,31.6,50,2023-09-27 3:51:24.100
421,867,35,1018,84,31.6,50,2023-09-27 3:51:28.100
420,869,34,1019,84,31.6,50,2023-09-27 3:51:32.100
420,869,33,1020,84,31.6,50,2023-09-27 3:51:36.100
420,867,36,1022,84,31.6,50,2023-09-27 3:51:40.100
420,869,33,1018,85,31.6,50,2023-09-27 3:51:44.100
420,869,34,1021,85,31.6,50,2023-09-27 3:51:48.100
421,868,34,1022,85,31.6,50,2023-09-27 3:51:52.100
421,866,36,1018,85,31.6,50,2023-09-27 3:51:56.100
422,866,38,1018,85,31.6,50,2023-09-27 3:52:00.100
421,866,36,1017,85,31.6,50,2023-09-27 3:52:04.100
422,865,38,1019,85,31.6,50,2023-09-27 3:52:08.100
421,865,37,1017,85,31.6,50,2023-09-27 3:52:12.100
422,868,34,1018,85,31.6,50,2023-09-27 3:52:16.100
420,869,34,1020,85,31.6,50,2023-09-27 3:52:20.100
421,870,36,1020,85,31.6,50,2023-09-27 3:52:24.100
423,865,38,1018,85,31.6,50,2023-09-27 3:52:28.100
421,865,36,1017,85,31.6,50,2023-09-27 3:52:32.100
424,867,38,1018,85,31.6,50,2023-09-27 3:52:36.100
420,868,34,1018,85,31.6,50,2023-09-27 3:52:40.100
421,866,37,1018,85,31.6,50,2023-09-27 3:52:44.100
421,868,36,1021,85,31.6,50,2023-09-27 3:52:48.100
421,868,37,1019,85,31.6,50,2023-09-27 3:52:52.100
422,865,38,1019,85,31.6,50,2023-09-27 3:52:56.100
421,867,37,1019,85,31.6,50,2023-09-27 3:53:00.100
423,865,35,1018,85,31.6,50,2023-09-27 3:53:04.100
422,869,35,1019,85,31.6,50,2023-09-27 3:53:08.100
422,865,37,1017,85,31.6,50,2023-09-27 3:53:12.100
421,867,37,1017,85,31.6,50,2023-09-27 3:53:16.100
424,867,37,1018,85,31.6,50,2023-09-27 3:53:20.100
420,865,36,1020,85,31.6,50,2023-09-27 3:53:24.100
423,866,36,1019,85,31.6,50,2023-09-27 3:53:28.100
423,865,39,1016,85,31.6,50,2023-09-27 3:53:32.100
422,867,37,1017,85,31.6,50,2023-09-27 3:53:36.100
419,867,32,1018,85,31.6,50,2023-09-27 3:53:40.100
421,865,36,1018,85,31.6,50,2023-09-27 3:53:44.100
420,867,38,1019,85,31.6,50,2023-09-27 3:53:48.100
421,868,38,1017,85,31.6,50,2023-09-27 3:53:52.100
419,867,33,1020,85,31.6,50,2023-09-27 3:53:56.100
420,869,35,1021,85,31.6,50,2023-09-27 3:54:00.100
420,870,37,1020,85,31.6,50,2023-09-27 3:54:04.100
423,865,37,1018,85,31.6,50,2023-09-27 3:54:08.100
421,868,34,1019,84,31.6,50,2023-09-27 3:54:12.100
421,866,36,1017,84,31.6,50,2023-09-27 3:54:16.100
421,865,37,1017,85,31.6,50,2023-09-27 3:54:20.100
420,867,33,1018,85,31.6,50,2023-09-27 3:54:24.100
422,867,37,1021,85,31.6,50,2023-09-27 3:54:28.100
421,867,37,1020,85,31.6,50,2023-09-27 3:54:32.100
423,864,37,1016,85,31.6,50,2023-09-27 3:54:36.100
422,868,34,1023,85,31.6,50,2023-09-27 3:54:40.100
420,867,33,1017,85,31.6,50,2023-09-27 3:54:44.100
422,867,35,1022,85,31.6,50,2023-09-27 3:54:48.100
420,869,36,1022,85,31.6,50,2023-09-27 3:54:52.100
423,865,37,1017,85,31.6,50,2023-09-27 3:54:56.100
421,870,36,1019,85,31.6,50,2023-09-27 3:55:00.100
421,869,36,1018,85,31.6,50,2023-09-27 3:55:04.100
420,866,36,1019,85,31.6,50,2023-09-27 3:55:08.100
422,866,35,1019,85,31.6,50,2023-09-27 3:55:12.100
420,868,34,1019,85,31.6,50,2023-09-27 3:55:16.100
421,867,37,1018,85,31.6,50,2023-09-27 3:55:20.100
421,868,36,1017,85,31.6,50,2023-09-27 3:55:24.100
421,865,39,1017,85,31.6,50,2023-09-27 3:55:28.100
420,869,37,1020,85,31.6,50,2023-09-27 3:55:32.100
420,869,34,1020,85,31.6,50,2023-09-27 3:55:36.100
420,866,33,1017,85,31.6,50,2023-09-27 3:55:40.100
421,869,33,1018,85,31.6,50,2023-09-27 3:55:44.100
422,865,37,1017,85,31.6,50,2023-09-27 3:55:48.100
420,868,34,1022,85,31.6,50,2023-09-27 3:55:52.100
421,866,36,1018,85,31.6,50,2023-09-27 3:55:56.100
421,867,34,1018,85,31.6,50,2023-09-27 3:56:00.100
422,865,37,1016,85,31.6,50,2023-09-27 3:56:04.100
420,869,36,1020,84,31.6,50,2023-09-27 3:56:08.100
422,870,33,1021,84,31.6,50,2023-09-27 3:56:12.100
424,865,36,1015,84,31.6,50,2023-09-27 3:56:16.100
423,865,35,1018,84,31.6,50,2023-09-27 3:56:20.100
420,869,33,1020,84,31.6,50,2023-09-27 3:56:24.100
420,869,37,1020,85,31.6,50,2023-09-27 3:56:28.100
421,869,33,1021,84,31.6,50,2023-09-27 3:56:32.100
424,864,38,1015,84,31.7,50,2023-09-27 3:56:36.100
421,867,39,1017,84,31.6,50,2023-09-27 3:56:40.100
423,866,36,1019,84,31.6,50,2023-09-27 3:56:44.100
422,865,39,1017,84,31.6,50,2023-09-27 3:56:48.100
423,865,39,1018,84,31.7,50,2023-09-27 3:56:52.100
420,868,34,1021,84,31.6,50,2023-09-27 3:56:56.100
420,870,34,1022,84,31.6,50,2023-09-27 3:57:00.100
421,869,35,1019,84,31.6,50,2023-09-27 3:57:04.100
421,866,33,1019,85,31.7,50,2023-09-27 3:57:08.100
423,865,37,1017,84,31.6,50,2023-09-27 3:57:12.100
420,870,35,1022,84,31.6,50,2023-09-27 3:57:16.100
419,866,33,1019,85,31.6,50,2023-09-27 3:57:20.100
420,869,33,1020,84,31.6,50,2023-09-27 3:57:24.100
420,870,34,1020,85,31.6,50,2023-09-27 3:57:28.100
419,868,35,1018,85,31.6,50,2023-09-27 3:57:32.100
419,869,36,1020,84,31.6,50,2023-09-27 3:57:36.100
420,868,36,1020,85,31.7,50,2023-09-27 3:57:40.100
419,866,34,1020,84,31.7,50,2023-09-27 3:57:44.100
421,869,35,1020,84,31.6,50,2023-09-27 3:57:48.100
421,865,38,1018,84,31.6,50,2023-09-27 3:57:52.100
419,868,34,1023,84,31.7,50,2023-09-27 3:57:56.100
421,869,34,1022,85,31.6,50,2023-09-27 3:58:00.100
422,865,37,1017,84,31.7,50,2023-09-27 3:58:04.100
421,869,34,1018,84,31.7,50,2023-09-27 3:58:08.100
421,870,35,1019,84,31.6,50,2023-09-27 3:58:12.100
422,866,38,1018,84,31.7,50,2023-09-27 3:58:16.100
422,870,37,1022,84,31.7,50,2023-09-27 3:58:20.100
421,867,37,1020,84,31.7,50,2023-09-27 3:58:24.100
421,867,34,1021,84,31.7,50,2023-09-27 3:58:28.100
420,869,36,1022,84,31.6,50,2023-09-27 3:58:32.100
420,870,34,1022,84,31.7,50,2023-09-27 3:58:36.100
420,868,36,1018,84,31.7,50,2023-09-27 3:58:40.100
421,869,34,1018,84,31.7,50,2023-09-27 3:58:44.100
419,867,33,1019,83,31.7,50,2023-09-27 3:58:48.100
421,865,37,1017,81,31.6,50,2023-09-27 3:58:52.100
423,865,38,1019,83,31.7,50,2023-09-27 3:58:56.100
421,867,35,1019,83,31.7,50,2023-09-27 3:59:00.100
422,867,35,1022,85,31.6,50,2023-09-27 3:59:04.100
421,869,36,1018,83,31.6,50,2023-09-27 3:59:08.100
422,869,36,1020,84,31.7,50,2023-09-27 3:59:12.100
423,864,38,1018,84,31.7,50,2023-09-27 3:59:16.100
421,868,36,1022,84,31.7,50,2023-09-27 3:59:20.100
420,867,34,1021,84,31.7,50,2023-09-27 3:59:24.100
423,864,37,1017,84,31.7,50,2023-09-27 3:59:28.100
420,868,36,1021,84,31.7,50,2023-09-27 3:59:32.100
421,868,35,1020,84,31.7,50,2023-09-27 3:59:36.100
422,866,36,1017,84,31.7,50,2023-09-27 3:59:40.100
419,868,32,1020,84,31.7,50,2023-09-27 3:59:44.100
421,866,34,1018,84,31.7,50,2023-09-27 3:59:48.100
422,867,37,1015,84,31.7,50,2023-09-27 3:59:52.100
420,870,34,1022,84,31.7,50,2023-09-27 3:59:56.100
421,865,37,1018,84,31.7,50,2023-09-27 4:00:00.100
419,869,34,1019,84,31.7,50,2023-09-27 4:00:04.100
422,866,38,1018,84,31.7,50,2023-09-27 4:00:08.100
421,866,35,1019,84,31.7,50,2023-09-27 4:00:12.100
423,864,38,1017,84,31.7,50,2023-09-27 4:00:16.100
420,869,35,1019,84,31.7,50,2023-09-27 4:00:20.100
422,866,36,1019,84,31.7,50,2023-09-27 4:00:24.100
420,869,35,1021,84,31.8,50,2023-09-27 4:00:28.100
422,867,35,1022,84,31.7,50,2023-09-27 4:00:32.100
422,867,36,1020,84,31.7,50,2023-09-27 4:00:36.100
421,869,36,1020,84,31.7,50,2023-09-27 4:00:40.100
421,869,35,1019,84,31.7,50,2023-09-27 4:00:44.100
421,865,35,1017,84,31.7,50,2023-09-27 4:00:48.100
424,865,37,1017,84,31.7,50,2023-09-27 4:00:52.100
422,865,38,1015,84,31.7,50,2023-09-27 4:00:56.100
422,866,38,1018,84,31.7,50,2023-09-27 4:01:00.100
420,869,33,1021,84,31.7,50,2023-09-27 4:01:04.100
422,869,34,1019,84,31.7,50,2023-09-27 4:01:08.100
420,870,33,1021,84,31.7,50,2023-09-27 4:01:12.100
421,869,35,1018,84,31.7,50,2023-09-27 4:01:16.100
421,865,38,1021,84,31.7,50,2023-09-27 4:01:20.100
422,868,33,1021,84,31.7,50,2023-09-27 4:01:24.100
421,865,37,1017,84,31.7,50,2023-09-27 4:01:28.100
423,865,38,1018,84,31.7,50,2023-09-27 4:01:32.100
422,866,38,1019,84,31.7,50,2023-09-27 4:01:36.100
421,866,34,1022,83,31.8,50,2023-09-27 4:01:40.100
422,866,35,1018,83,31.7,50,2023-09-27 4:01:44.100
421,870,35,1020,83,31.7,50,2023-09-27 4:01:48.100
422,867,35,1020,82,31.7,50,2023-09-27 4:01:52.100
421,866,35,1017,84,31.7,50,2023-09-27 4:01:56.100
421,868,36,1021,83,31.7,50,2023-09-27 4:02:00.100
421,864,38,1018,84,31.7,50,2023-09-27 4:02:04.100
420,868,33,1020,82,31.6,50,2023-09-27 4:02:08.100
420,868,35,1021,81,31.7,50,2023-09-27 4:02:12.100
419,869,32,1020,83,31.7,50,2023-09-27 4:02:16.100
421,867,37,1018,84,31.7,50,2023-09-27 4:02:20.100
421,870,36,1019,82,31.7,50,2023-09-27 4:02:24.100
422,864,35,1018,83,31.7,50,2023-09-27 4:02:28.100
422,866,38,1017,83,31.7,50,2023-09-27 4:02:32.100
423,866,37,1017,83,31.7,50,2023-09-27 4:02:36.100
424,864,38,1018,83,31.7,50,2023-09-27 4:02:40.100
424,865,37,1015,83,31.7,50,2023-09-27 4:02:44.100
419,868,33,1021,83,31.7,50,2023-09-27 4:02:48.100
419,867,33,1020,83,31.7,50,2023-09-27 4:02:52.100
423,868,35,1019,82,31.7,50,2023-09-27 4:02:56.100
420,867,34,1020,83,31.8,50,2023-09-27 4:03:00.100
421,865,35,1019,83,31.7,50,2023-09-27 4:03:04.100
421,864,35,1017,83,31.7,50,2023-09-27 4:03:08.100
419,868,36,1020,84,31.7,50,2023-09-27 4:03:12.100
420,866,36,1019,83,31.7,50,2023-09-27 4:03:16.100
421,865,35,1017,83,31.8,50,2023-09-27 4:03:20.100
421,868,33,1023,83,31.7,50,2023-09-27 4:03:24.100
420,869,37,1018,83,31.8,50,2023-09-27 4:03:28.100
421,867,34,1020,83,31.7,50,2023-09-27 4:03:32.100
421,867,38,1018,82,31.7,50,2023-09-27 4:03:36.100
422,867,37,1015,84,31.8,50,2023-09-27 4:03:40.100
419,866,36,1019,84,31.8,50,2023-09-27 4:03:44.100
422,866,35,1019,83,31.7,50,2023-09-27 4:03:48.100
420,868,34,1019,84,31.7,50,2023-09-27 4:03:52.100
422,870,36,1021,83,31.7,50,2023-09-27 4:03:56.100
420,866,36,1020,84,31.7,50,2023-09-27 4:04:00.100
421,867,35,1018,83,31.8,50,2023-09-27 4:04:04.100
420,866,34,1017,83,31.7,50,2023-09-27 4:04:08.100
420,869,35,1021,83,31.7,50,2023-09-27 4:04:12.100
421,868,34,1019,84,31.7,50,2023-09-27 4:04:16.100
422,865,35,1020,84,31.7,50,2023-09-27 4:04:20.100
422,866,35,1017,83,31.7,50,2023-09-27 4:04:24.100
422,865,36,1016,83,31.7,50,2023-09-27 4:04:28.100
421,867,35,1022,83,31.7,50,2023-09-27 4:04:32.100
419,866,36,1018,83,31.8,50,2023-09-27 4:04:36.100
422,868,37,1021,83,31.8,50,2023-09-27 4:04:40.100
419,866,33,1019,82,31.8,50,2023-09-27 4:04:44.100
421,864,37,1018,83,31.8,50,2023-09-27 4:04:48.100
421,867,35,1019,83,31.7,50,2023-09-27 4:04:52.100
424,866,38,1015,83,31.7,50,2023-09-27 4:04:56.100
419,866,34,1019,83,31.8,50,2023-09-27 4:05:00.100
421,869,38,1022,84,31.8,50,2023-09-27 4:05:04.100
421,865,36,1019,83,31.8,50,2023-09-27 4:05:08.100
421,870,35,1021,83,31.8,50,2023-09-27 4:05:12.100
420,867,36,1017,83,31.8,50,2023-09-27 4:05:16.100
423,865,39,1018,83,31.8,50,2023-09-27 4:05:20.100
422,868,38,1020,83,31.8,50,2023-09-27 4:05:24.100
423,866,37,1019,83,31.8,50,2023-09-27 4:05:28.100
421,866,36,1020,83,31.8,50,2023-09-27 4:05:32.100
419,869,33,1020,83,31.8,50,2023-09-27 4:05:36.100
422,865,38,1015,83,31.7,50,2023-09-27 4:05:40.100
420,865,38,1018,82,31.8,50,2023-09-27 4:05:44.100
423,867,35,1022,82,31.8,50,2023-09-27 4:05:48.100
419,870,36,1019,84,31.8,50,2023-09-27 4:05:52.100
422,866,35,1018,83,31.7,50,2023-09-27 4:05:56.100
419,870,34,1022,82,31.8,50,2023-09-27 4:06:00.100
422,865,37,1016,82,31.8,50,2023-09-27 4:06:04.100
419,870,33,1020,82,31.8,50,2023-09-27 4:06:08.100
421,869,38,1018,82,31.8,50,2023-09-27 4:06:12.100
421,867,35,1018,81,31.8,50,2023-09-27 4:06:16.100
422,867,34,1021,81,31.8,50,2023-09-27 4:06:20.100
420,868,34,1021,81,31.8,50,2023-09-27 4:06:24.100
420,868,34,1021,81,31.8,50,2023-09-27 4:06:28.100
421,866,35,1019,81,31.8,50,2023-09-27 4:06:32.100
421,868,37,1020,81,31.8,50,2023-09-27 4:06:36.100
422,865,38,1019,81,31.8,50,2023-09-27 4:06:40.100
419,868,34,1019,82,31.8,50,2023-09-27 4:06:44.100
422,865,38,1019,82,31.8,50,2023-09-27 4:06:48.100
420,865,34,1017,82,31.8,50,2023-09-27 4:06:52.100
424,865,37,1016,81,31.8,50,2023-09-27 4:06:56.100
423,865,35,1017,81,31.8,50,2023-09-27 4:07:00.100
420,865,38,1018,81,31.8,50,2023-09-27 4:07:04.100
420,869,37,1020,82,31.8,50,2023-09-27 4:07:08.100
423,865,39,1017,81,31.8,50,2023-09-27 4:07:12.100
422,867,35,1021,81,31.8,50,2023-09-27 4:07:16.100
422,867,34,1021,81,31.8,50,2023-09-27 4:07:20.100
422,865,39,1017,81,31.8,50,2023-09-27 4:07:24.100
419,868,33,1018,81,31.7,50,2023-09-27 4:07:28.100
419,868,35,1020,81,31.7,50,2023-09-27 4:07:32.100
421,868,35,1020,81,31.8,50,2023-09-27 4:07:36.100
420,870,34,1021,81,31.8,50,2023-09-27 4:07:40.100
421,867,37,1017,81,31.8,50,2023-09-27 4:07:44.100
421,865,36,1018,81,31.8,50,2023-09-27 4:07:48.100
421,870,36,1017,82,31.8,50,2023-09-27 4:07:52.100
422,864,37,1015,82,31.8,50,2023-09-27 4:07:56.100
422,866,35,1019,82,31.8,50,2023-09-27 4:08:00.100
420,869,36,1020,82,31.8,50,2023-09-27 4:08:04.100
422,866,38,1016,82,31.8,50,2023-09-27 4:08:08.100
419,868,37,1019,83,31.8,50,2023-09-27 4:08:12.100
420,869,33,1019,82,31.8,50,2023-09-27 4:08:16.100
420,868,35,1019,83,31.8,50,2023-09-27 4:08:20.100
423,865,37,1017,83,31.8,50,2023-09-27 4:08:24.100
420,866,35,1019,84,31.8,50,2023-09-27 4:08:28.100
419,867,34,1019,83,31.8,50,2023-09-27 4:08:32.100
421,866,38,1018,84,31.8,50,2023-09-27 4:08:36.100
421,866,38,1018,83,31.8,51,2023-09-27 4:08:40.100
420,865,37,1017,84,31.8,50,2023-09-27 4:08:44.100
422,866,37,1017,84,31.8,50,2023-09-27 4:08:48.100
421,865,37,1017,83,31.8,50,2023-09-27 4:08:52.100
419,868,33,1022,84,31.8,50,2023-09-27 4:08:56.100
421,867,34,1022,84,31.8,51,2023-09-27 4:09:00.100
419,867,33,1020,84,31.8,50,2023-09-27 4:09:04.100
422,866,36,1018,84,31.8,50,2023-09-27 4:09:08.100
420,869,33,1020,83,31.8,50,2023-09-27 4:09:12.100
423,866,35,1019,84,31.8,50,2023-09-27 4:09:16.100
421,866,33,1019,84,31.8,50,2023-09-27 4:09:20.100
422,866,37,1015,84,31.9,50,2023-09-27 4:09:24.100
421,867,34,1021,84,31.9,50,2023-09-27 4:09:28.100
419,867,36,1019,84,31.8,50,2023-09-27 4:09:32.100
421,867,35,1018,84,31.8,50,2023-09-27 4:09:36.100
420,868,34,1021,83,31.8,50,2023-09-27 4:09:40.100
421,870,34,1020,84,31.8,50,2023-09-27 4:09:44.100
424,865,37,1017,84,31.8,50,2023-09-27 4:09:48.100
421,865,39,1017,83,31.8,50,2023-09-27 4:09:52.100
421,866,38,1018,83,31.9,50,2023-09-27 4:09:56.100
421,869,36,1018,83,31.8,50,2023-09-27 4:10:00.100
422,866,38,1015,83,31.9,50,2023-09-27 4:10:04.100
423,866,37,1017,83,31.9,50,2023-09-27 4:10:08.100
420,870,33,1021,83,31.8,50,2023-09-27 4:10:12.100
420,865,36,1018,82,31.8,50,2023-09-27 4:10:16.100
422,867,34,1021,81,31.8,50,2023-09-27 4:10:20.100
423,868,39,1016,80,31.8,50,2023-09-27 4:10:24.100
423,866,38,1017,80,31.8,50,2023-09-27 4:10:28.100
421,867,35,1017,81,31.9,50,2023-09-27 4:10:32.100
423,869,37,1021,82,31.9,50,2023-09-27 4:10:36.100
421,865,37,1018,82,31.8,50,2023-09-27 4:10:40.100
421,865,36,1019,82,31.8,50,2023-09-27 4:10:44.100
420,870,34,1022,81,31.8,50,2023-09-27 4:10:48.100
421,869,36,1020,80,31.8,50,2023-09-27 4:10:52.100
422,870,36,1018,80,31.8,50,2023-09-27 4:10:56.100
420,869,33,1019,81,31.8,50,2023-09-27 4:11:00.100
419,867,37,1017,80,31.8,50,2023-09-27 4:11:04.100
421,864,38,1018,77,31.8,50,2023-09-27 4:11:08.100
423,865,38,1018,78,31.8,50,2023-09-27 4:11:12.100
424,865,39,1018,78,31.9,50,2023-09-27 4:11:16.100
423,865,37,1017,79,31.8,50,2023-09-27 4:11:20.100
420,868,34,1022,80,31.8,50,2023-09-27 4:11:24.100
423,865,37,1020,80,31.8,50,2023-09-27 4:11:28.100
419,868,35,1019,80,31.8,50,2023-09-27 4:11:32.100
422,866,37,1018,79,31.9,50,2023-09-27 4:11:36.100
420,865,37,1018,79,31.9,50,2023-09-27 4:11:40.100
420,870,34,1019,80,31.9,50,2023-09-27 4:11:44.100
421,868,37,1021,80,31.9,50,2023-09-27 4:11:48.100
421,867,38,1020,79,31.8,50,2023-09-27 4:11:52.100
421,868,35,1020,79,31.8,50,2023-09-27 4:11:56.100
419,870,35,1021,79,31.9,50,2023-09-27 4:12:00.100
419,868,35,1019,80,31.9,50,2023-09-27 4:12:04.100
421,866,38,1019,80,31.9,50,2023-09-27 4:12:08.100
422,866,37,1017,80,31.9,50,2023-09-27 4:12:12.100
421,865,37,1017,18,31.9,50,2023-09-27 4:12:16.100
424,866,38,1016,5,31.9,50,2023-09-27 4:12:20.100
421,865,39,1017,5,31.9,50,2023-09-27 4:12:24.100
422,867,37,1017,5,31.9,50,2023-09-27 4:12:28.100
424,866,37,1018,5,31.9,50,2023-09-27 4:12:32.100
422,865,36,1016,80,31.8,50,2023-09-27 4:12:36.100
424,866,37,1016,79,31.9,50,2023-09-27 4:12:40.100
420,865,34,1019,79,31.9,50,2023-09-27 4:12:44.100
421,866,37,1018,74,31.8,50,2023-09-27 4:12:48.100
422,868,38,1017,78,31.9,50,2023-09-27 4:12:52.100
420,869,34,1021,78,31.9,50,2023-09-27 4:12:56.100
419,866,34,1019,78,31.9,50,2023-09-27 4:13:00.100
421,865,35,1018,77,31.9,50,2023-09-27 4:13:04.100
420,869,36,1019,78,31.9,50,2023-09-27 4:13:08.100
422,870,33,1020,78,31.9,50,2023-09-27 4:13:12.100
423,865,38,1018,78,31.9,50,2023-09-27 4:13:16.100
422,867,37,1019,78,31.9,50,2023-09-27 4:13:20.100
420,868,34,1022,78,31.9,50,2023-09-27 4:13:24.100
420,866,35,1020,80,31.9,50,2023-09-27 4:13:28.100
420,865,38,1018,80,31.9,50,2023-09-27 4:13:32.100
422,865,37,1015,80,31.9,50,2023-09-27 4:13:36.100
422,866,38,1017,80,31.9,50,2023-09-27 4:13:40.100
420,870,33,1020,80,31.9,50,2023-09-27 4:13:44.100
422,865,37,1018,80,31.9,50,2023-09-27 4:13:48.100
419,867,34,1019,80,31.9,50,2023-09-27 4:13:52.100
422,865,39,1015,80,31.9,50,2023-09-27 4:13:56.100
421,870,34,1020,80,31.9,50,2023-09-27 4:14:00.100
422,866,36,1018,80,31.9,50,2023-09-27 4:14:04.100
420,866,34,1020,80,31.9,50,2023-09-27 4:14:08.100
422,868,36,1017,80,31.9,50,2023-09-27 4:14:12.100
421,867,37,1018,80,31.9,50,2023-09-27 4:14:16.100
422,866,38,1017,80,31.9,50,2023-09-27 4:14:20.100
422,867,36,1018,80,31.9,50,2023-09-27 4:14:24.100
423,865,38,1017,80,31.9,50,2023-09-27 4:14:28.100
421,865,37,1019,80,31.9,50,2023-09-27 4:14:32.100
424,865,37,1019,80,31.9,50,2023-09-27 4:14:36.100
421,865,36,1017,80,31.9,50,2023-09-27 4:14:40.100
423,864,38,1018,80,31.9,50,2023-09-27 4:14:44.100
422,865,38,1019,80,31.9,50,2023-09-27 4:14:48.100
421,865,37,1017,80,31.9,50,2023-09-27 4:14:52.100
420,870,33,1019,80,31.9,50,2023-09-27 4:14:56.100
419,869,34,1021,80,31.9,50,2023-09-27 4:15:00.100
421,865,37,1017,80,31.9,50,2023-09-27 4:15:04.100
421,867,34,1022,80,31.9,50,2023-09-27 4:15:08.100
420,869,34,1021,80,31.9,50,2023-09-27 4:15:12.100
422,866,36,1017,80,31.9,50,2023-09-27 4:15:16.100
421,869,38,1021,80,31.9,50,2023-09-27 4:15:20.100
422,866,37,1016,80,31.9,50,2023-09-27 4:15:24.100
424,865,38,1016,80,31.9,50,2023-09-27 4:15:28.100
422,866,35,1018,80,31.9,49,2023-09-27 4:15:32.100
422,868,35,1020,80,31.9,49,2023-09-27 4:15:36.100
421,869,37,1020,80,31.9,50,2023-09-27 4:15:40.100
422,868,36,1019,80,31.9,49,2023-09-27 4:15:44.100
420,868,36,1020,80,31.9,49,2023-09-27 4:15:48.100
423,865,37,1018,80,31.9,49,2023-09-27 4:15:52.100
420,867,34,1021,80,31.9,49,2023-09-27 4:15:56.100
420,868,36,1019,80,31.9,49,2023-09-27 4:16:00.100
422,866,38,1016,80,31.9,49,2023-09-27 4:16:04.100
422,865,38,1016,80,31.9,49,2023-09-27 4:16:08.100
423,865,37,1017,80,31.9,49,2023-09-27 4:16:12.100
422,867,37,1017,80,31.9,49,2023-09-27 4:16:16.100
422,867,38,1017,80,31.9,49,2023-09-27 4:16:20.100
422,866,37,1018,80,31.9,49,2023-09-27 4:16:24.100
421,866,37,1018,80,31.9,49,2023-09-27 4:16:28.100
423,867,38,1017,80,31.9,49,2023-09-27 4:16:32.100
422,867,37,1017,80,31.9,49,2023-09-27 4:16:36.100
419,867,33,1018,80,31.9,49,2023-09-27 4:16:40.100
422,869,35,1020,80,31.9,49,2023-09-27 4:16:44.100
420,868,34,1019,80,31.9,49,2023-09-27 4:16:48.100
421,870,35,1020,80,31.9,49,2023-09-27 4:16:52.100
421,868,35,1019,80,31.9,49,2023-09-27 4:16:56.100
422,865,36,1015,80,31.9,49,2023-09-27 4:17:00.100
420,870,36,1019,80,31.9,49,2023-09-27 4:17:04.100
421,865,37,1017,80,31.9,49,2023-09-27 4:17:08.100
423,864,35,1019,80,31.9,49,2023-09-27 4:17:12.100
421,866,35,1019,80,31.9,49,2023-09-27 4:17:16.100
419,869,34,1019,80,31.9,49,2023-09-27 4:17:20.100
424,866,37,1016,80,31.9,49,2023-09-27 4:17:24.100
421,868,38,1018,80,31.9,49,2023-09-27 4:17:28.100
419,869,33,1020,80,31.9,49,2023-09-27 4:17:32.100
419,866,35,1017,80,31.9,49,2023-09-27 4:17:36.100
421,868,36,1019,80,31.9,49,2023-09-27 4:17:40.100
421,867,36,1018,80,31.9,49,2023-09-27 4:17:44.100
421,868,35,1021,80,31.9,49,2023-09-27 4:17:48.100
422,868,38,1019,80,31.9,49,2023-09-27 4:17:52.100
421,867,35,1017,80,31.9,49,2023-09-27 4:17:56.100
422,866,38,1018,80,31.9,49,2023-09-27 4:18:00.100
418,867,36,1019,80,31.9,49,2023-09-27 4:18:04.100
423,865,39,1017,80,31.9,49,2023-09-27 4:18:08.100
422,867,38,1018,80,31.9,49,2023-09-27 4:18:12.100
420,869,34,1018,80,31.9,49,2023-09-27 4:18:16.100
420,869,35,1018,80,31.9,49,2023-09-27 4:18:20.100
421,866,35,1018,80,31.9,49,2023-09-27 4:18:24.100
419,867,35,1019,80,31.9,50,2023-09-27 4:18:28.100
422,865,37,1017,80,31.9,50,2023-09-27 4:18:32.100
421,865,35,1017,80,31.9,50,2023-09-27 4:18:36.100
421,867,37,1021,80,31.9,50,2023-09-27 4:18:40.100
421,868,35,1021,80,31.9,50,2023-09-27 4:18:44.100
422,865,36,1018,80,31.9,50,2023-09-27 4:18:48.100
420,870,34,1022,80,31.9,50,2023-09-27 4:18:52.100
422,868,36,1019,80,31.9,50,2023-09-27 4:18:56.100
422,865,40,1017,80,31.9,50,2023-09-27 4:19:00.100
422,867,34,1019,80,31.9,50,2023-09-27 4:19:04.100
420,868,37,1019,80,31.9,50,2023-09-27 4:19:08.100
420,869,35,1020,80,31.9,50,2023-09-27 4:19:12.100
419,867,34,1018,80,31.9,50,2023-09-27 4:19:16.100
421,867,34,1020,80,31.9,50,2023-09-27 4:19:20.100
423,866,38,1015,80,31.9,51,2023-09-27 4:19:24.100
422,867,35,1021,80,31.9,51,2023-09-27 4:19:28.100
421,866,38,1018,80,31.9,51,2023-09-27 4:19:32.100
419,869,36,1019,80,31.9,51,2023-09-27 4:19:36.100
422,866,37,1015,80,31.9,51,2023-09-27 4:19:40.100
420,867,35,1018,80,31.9,51,2023-09-27 4:19:44.100
423,866,37,1017,80,31.9,51,2023-09-27 4:19:48.100
424,865,40,1017,80,31.9,51,2023-09-27 4:19:52.100
420,869,34,1021,80,31.9,51,2023-09-27 4:19:56.100
420,868,33,1019,80,31.9,51,2023-09-27 4:20:00.100
422,868,33,1023,80,31.9,51,2023-09-27 4:20:04.100
421,869,38,1018,80,31.9,51,2023-09-27 4:20:08.100
423,867,37,1017,80,31.9,51,2023-09-27 4:20:12.100
422,865,39,1016,80,31.9,51,2023-09-27 4:20:16.100
419,869,33,1021,80,31.9,51,2023-09-27 4:20:20.100
423,866,35,1020,80,31.9,51,2023-09-27 4:20:24.100
422,865,39,1018,80,31.9,51,2023-09-27 4:20:28.100
419,869,34,1021,80,31.9,51,2023-09-27 4:20:32.100
422,868,36,1018,80,31.9,51,2023-09-27 4:20:36.100
421,869,35,1020,80,31.9,51,2023-09-27 4:20:40.100
419,867,35,1018,80,31.9,51,2023-09-27 4:20:44.100
420,869,33,1019,80,31.9,51,2023-09-27 4:20:48.100
422,866,37,1017,80,31.9,51,2023-09-27 4:20:52.100
421,868,33,1021,80,31.9,51,2023-09-27 4:20:56.100
422,865,38,1019,80,31.9,52,2023-09-27 4:21:00.100
422,869,38,1019,80,31.9,51,2023-09-27 4:21:04.100
422,867,38,1015,80,31.9,52,2023-09-27 4:21:08.100
421,868,37,1020,82,31.9,51,2023-09-27 4:21:12.100
423,866,35,1019,80,31.9,52,2023-09-27 4:21:16.100
422,867,36,1022,80,31.9,52,2023-09-27 4:21:20.100
421,868,34,1021,80,31.9,52,2023-09-27 4:21:24.100
420,868,36,1018,80,31.9,52,2023-09-27 4:21:28.100
422,866,37,1018,80,31.9,52,2023-09-27 4:21:32.100
422,867,35,1021,81,31.9,52,2023-09-27 4:21:36.100
421,865,38,1018,81,31.9,52,2023-09-27 4:21:40.100
420,864,36,1020,82,31.9,52,2023-09-27 4:21:44.100
421,870,35,1021,83,31.9,52,2023-09-27 4:21:48.100
422,867,35,1018,83,31.9,52,2023-09-27 4:21:52.100
423,864,38,1018,84,31.9,52,2023-09-27 4:21:56.100
421,869,36,1018,84,31.9,52,2023-09-27 4:22:00.100
423,866,38,1015,84,31.9,52,2023-09-27 4:22:04.100
420,869,37,1019,84,31.9,52,2023-09-27 4:22:08.100
422,866,37,1017,84,31.9,52,2023-09-27 4:22:12.100
421,867,35,1021,84,31.9,52,2023-09-27 4:22:16.100
422,866,37,1019,84,31.9,52,2023-09-27 4:22:20.100
423,866,34,1020,84,31.9,52,2023-09-27 4:22:24.100
420,869,33,1019,83,31.9,52,2023-09-27 4:22:28.100
420,869,35,1021,82,31.9,52,2023-09-27 4:22:32.100
422,865,37,1017,82,31.9,52,2023-09-27 4:22:36.100
424,864,36,1017,83,31.9,52,2023-09-27 4:22:40.100
419,868,34,1018,84,32.0,52,2023-09-27 4:22:44.100
420,868,35,1021,84,32.0,52,2023-09-27 4:22:48.100
420,866,38,1018,84,31.9,52,2023-09-27 4:22:52.100
420,868,34,1022,84,31.9,52,2023-09-27 4:22:56.100
422,866,38,1017,83,31.9,52,2023-09-27 4:23:00.100
422,868,38,1015,82,31.9,52,2023-09-27 4:23:04.100
420,867,34,1019,81,31.9,52,2023-09-27 4:23:08.100
420,866,34,1020,81,31.9,52,2023-09-27 4:23:12.100
421,867,34,1022,81,31.9,52,2023-09-27 4:23:16.100
422,866,37,1021,81,32.0,52,2023-09-27 4:23:20.100
423,866,37,1017,81,32.0,52,2023-09-27 4:23:24.100
423,865,37,1017,81,31.9,52,2023-09-27 4:23:28.100
424,865,37,1016,81,31.9,52,2023-09-27 4:23:32.100
420,870,34,1019,81,32.0,52,2023-09-27 4:23:36.100
420,869,34,1021,81,31.9,52,2023-09-27 4:23:40.100
422,868,40,1019,81,32.0,52,2023-09-27 4:23:44.100
422,865,37,1018,81,32.0,52,2023-09-27 4:23:48.100
422,866,38,1018,81,32.0,52,2023-09-27 4:23:52.100
420,868,37,1022,80,32.0,52,2023-09-27 4:23:56.100
421,867,36,1020,80,32.0,52,2023-09-27 4:24:00.100
424,868,38,1015,80,32.0,52,2023-09-27 4:24:04.100
421,869,34,1020,80,31.9,52,2023-09-27 4:24:08.100
422,864,38,1017,80,32.0,52,2023-09-27 4:24:12.100
421,866,34,1019,80,32.0,52,2023-09-27 4:24:16.100
422,866,38,1018,80,32.0,52,2023-09-27 4:24:20.100
419,869,35,1023,80,32.0,52,2023-09-27 4:24:24.100
421,866,36,1017,80,32.0,52,2023-09-27 4:24:28.100
422,866,37,1017,80,31.9,52,2023-09-27 4:24:32.100
423,865,37,1018,80,31.9,52,2023-09-27 4:24:36.100
420,870,36,1020,80,32.0,52,2023-09-27 4:24:40.100
422,869,37,1019,80,32.0,52,2023-09-27 4:24:44.100
422,865,37,1017,80,32.0,52,2023-09-27 4:24:48.100
422,865,40,1018,80,31.9,52,2023-09-27 4:24:52.100
422,867,35,1017,80,32.0,52,2023-09-27 4:24:56.100
422,866,37,1018,80,31.9,52,2023-09-27 4:25:00.100
421,870,34,1020,80,32.0,52,2023-09-27 4:25:04.100
420,869,37,1020,80,31.9,52,2023-09-27 4:25:08.100
421,865,36,1019,80,31.9,52,2023-09-27 4:25:12.100
421,868,36,1019,80,32.0,52,2023-09-27 4:25:16.100
420,868,35,1019,80,32.0,52,2023-09-27 4:25:20.100
423,866,38,1017,80,32.0,52,2023-09-27 4:25:24.100
420,868,36,1021,81,32.0,52,2023-09-27 4:25:28.100
423,866,35,1019,81,32.0,52,2023-09-27 4:25:32.100
420,867,33,1022,81,32.0,52,2023-09-27 4:25:36.100
421,867,38,1021,81,32.0,52,2023-09-27 4:25:40.100
423,868,37,1019,80,32.0,52,2023-09-27 4:25:44.100
421,866,35,1019,80,32.0,52,2023-09-27 4:25:48.100
420,870,34,1021,81,32.0,52,2023-09-27 4:25:52.100
421,867,34,1019,81,32.0,52,2023-09-27 4:25:56.100
422,867,35,1021,81,32.0,52,2023-09-27 4:26:00.100
420,868,35,1019,83,32.0,52,2023-09-27 4:26:04.100
420,869,36,1018,84,32.0,52,2023-09-27 4:26:08.100
421,868,34,1019,84,32.0,52,2023-09-27 4:26:12.100
420,869,33,1020,84,32.0,52,2023-09-27 4:26:16.100
422,866,37,1017,85,32.0,52,2023-09-27 4:26:20.100
422,865,37,1018,85,32.0,52,2023-09-27 4:26:24.100
422,864,37,1017,85,32.0,52,2023-09-27 4:26:28.100
421,868,36,1019,84,32.0,52,2023-09-27 4:26:32.100
421,865,38,1016,84,32.0,52,2023-09-27 4:26:36.100
421,865,35,1017,84,32.0,52,2023-09-27 4:26:40.100
423,866,37,1018,84,32.1,52,2023-09-27 4:26:44.100
421,865,37,1020,84,32.0,52,2023-09-27 4:26:48.100
422,865,38,1019,84,32.0,52,2023-09-27 4:26:52.100
421,867,38,1016,85,32.0,52,2023-09-27 4:26:56.100
421,869,38,1019,85,32.0,52,2023-09-27 4:27:00.100
422,866,37,1014,85,32.0,52,2023-09-27 4:27:04.100
422,866,35,1018,85,32.0,52,2023-09-27 4:27:08.100
421,869,34,1019,85,32.0,52,2023-09-27 4:27:12.100
419,869,36,1020,85,32.0,52,2023-09-27 4:27:16.100
422,867,33,1022,85,32.1,52,2023-09-27 4:27:20.100
422,867,34,1022,85,32.0,52,2023-09-27 4:27:24.100
421,867,35,1019,85,32.0,52,2023-09-27 4:27:28.100
420,870,33,1019,85,32.0,52,2023-09-27 4:27:32.100
421,865,36,1018,85,32.0,52,2023-09-27 4:27:36.100
423,866,38,1018,85,32.0,52,2023-09-27 4:27:40.100
422,866,37,1015,85,31.9,52,2023-09-27 4:27:44.100
420,868,35,1020,85,32.0,52,2023-09-27 4:27:48.100
421,868,36,1020,85,32.0,52,2023-09-27 4:27:52.100
421,869,34,1020,85,32.0,52,2023-09-27 4:27:56.100
422,866,39,1015,85,32.0,52,2023-09-27 4:28:00.100
421,865,38,1018,85,32.0,52,2023-09-27 4:28:04.100
422,864,37,1017,85,32.0,52,2023-09-27 4:28:08.100
422,868,33,1020,85,32.0,52,2023-09-27 4:28:12.100
420,868,34,1021,85,32.1,52,2023-09-27 4:28:16.100
424,867,38,1018,85,32.0,52,2023-09-27 4:28:20.100
421,869,37,1019,85,32.1,52,2023-09-27 4:28:24.100
420,868,35,1020,85,32.0,52,2023-09-27 4:28:28.100
423,865,37,1018,85,32.0,52,2023-09-27 4:28:32.100
424,864,37,1017,85,32.0,52,2023-09-27 4:28:36.100
421,867,35,1022,85,32.0,52,2023-09-27 4:28:40.100
421,865,35,1017,85,32.0,52,2023-09-27 4:28:44.100
422,866,37,1019,85,32.0,52,2023-09-27 4:28:48.100
420,867,36,1018,85,32.1,52,2023-09-27 4:28:52.100
423,866,38,1017,85,32.0,52,2023-09-27 4:28:56.100
421,867,36,1018,85,32.1,52,2023-09-27 4:29:00.100
422,865,38,1018,85,32.0,52,2023-09-27 4:29:04.100
419,868,34,1022,85,32.1,52,2023-09-27 4:29:08.100
420,869,37,1020,85,32.1,52,2023-09-27 4:29:12.100
421,866,38,1015,85,32.0,52,2023-09-27 4:29:16.100
423,866,37,1018,85,32.1,52,2023-09-27 4:29:20.100
422,867,37,1016,85,32.0,52,2023-09-27 4:29:24.100
422,865,39,1017,85,32.0,52,2023-09-27 4:29:28.100
421,866,36,1017,85,32.1,52,2023-09-27 4:29:32.100
422,866,38,1015,84,32.0,52,2023-09-27 4:29:36.100
422,867,35,1018,83,32.1,52,2023-09-27 4:29:40.100
423,868,38,1017,82,32.1,52,2023-09-27 4:29:44.100
422,867,37,1019,81,32.0,52,2023-09-27 4:29:48.100
422,866,37,1018,81,32.1,52,2023-09-27 4:29:52.100
421,865,37,1017,81,32.1,52,2023-09-27 4:29:56.100
419,868,33,1021,81,32.1,52,2023-09-27 4:30:00.100
423,864,38,1017,81,32.1,52,2023-09-27 4:30:04.100
418,869,32,1021,81,32.0,52,2023-09-27 4:30:08.100
422,866,37,1017,81,32.1,52,2023-09-27 4:30:12.100
422,865,40,1018,81,32.0,52,2023-09-27 4:30:16.100
419,869,36,1020,81,32.1,52,2023-09-27 4:30:20.100
422,867,38,1019,81,32.1,52,2023-09-27 4:30:24.100
422,866,36,1017,81,32.1,52,2023-09-27 4:30:28.100
420,870,36,1020,81,32.1,52,2023-09-27 4:30:32.100
422,868,36,1019,81,32.1,52,2023-09-27 4:30:36.100
422,869,36,1020,81,32.1,52,2023-09-27 4:30:40.100
423,865,39,1016,81,32.1,52,2023-09-27 4:30:44.100
420,869,34,1020,81,32.1,52,2023-09-27 4:30:48.100
422,865,37,1016,81,32.1,52,2023-09-27 4:30:52.100
420,868,34,1021,81,32.1,52,2023-09-27 4:30:56.100
419,867,33,1021,81,32.1,52,2023-09-27 4:31:00.100
423,865,39,1015,81,32.1,52,2023-09-27 4:31:04.100
419,869,34,1021,81,32.1,52,2023-09-27 4:31:08.100
421,866,38,1018,81,32.1,52,2023-09-27 4:31:12.100
422,868,35,1020,81,32.1,52,2023-09-27 4:31:16.100
424,866,38,1017,80,32.0,52,2023-09-27 4:31:20.100
423,865,38,1017,80,32.1,52,2023-09-27 4:31:24.100
418,868,33,1018,80,32.1,52,2023-09-27 4:31:28.100
421,870,33,1021,81,32.1,52,2023-09-27 4:31:32.100
421,866,37,1017,81,32.1,52,2023-09-27 4:31:36.100
421,866,34,1019,81,32.1,52,2023-09-27 4:31:40.100
419,867,37,1018,81,32.1,52,2023-09-27 4:31:44.100
422,865,37,1016,81,32.1,52,2023-09-27 4:31:48.100
421,866,36,1018,81,32.1,52,2023-09-27 4:31:52.100
420,868,33,1021,80,32.1,52,2023-09-27 4:31:56.100
421,866,35,1020,80,32.1,52,2023-09-27 4:32:00.100
422,868,36,1021,80,32.1,52,2023-09-27 4:32:04.100
423,865,36,1019,80,32.1,52,2023-09-27 4:32:08.100
421,869,34,1022,80,32.1,52,2023-09-27 4:32:12.100
422,867,35,1018,80,32.1,52,2023-09-27 4:32:16.100
419,868,32,1022,80,32.1,52,2023-09-27 4:32:20.100
420,867,34,1020,80,32.1,52,2023-09-27 4:32:24.100
423,864,35,1017,80,32.1,52,2023-09-27 4:32:28.100
421,869,35,1021,80,32.1,52,2023-09-27 4:32:32.100
423,865,38,1018,80,32.1,52,2023-09-27 4:32:36.100
422,867,38,1015,80,32.1,52,2023-09-27 4:32:40.100
422,866,38,1017,80,32.1,52,2023-09-27 4:32:44.100
421,870,34,1019,80,32.1,52,2023-09-27 4:32:48.100
420,870,34,1022,80,32.1,52,2023-09-27 4:32:52.100
421,865,37,1018,80,32.1,52,2023-09-27 4:32:56.100
422,865,38,1017,80,32.1,52,2023-09-27 4:33:00.100
421,866,36,1018,80,32.1,52,2023-09-27 4:33:04.100
420,868,34,1019,80,32.1,52,2023-09-27 4:33:08.100
422,865,39,1015,81,32.1,52,2023-09-27 4:33:12.100
423,866,35,1019,81,32.1,52,2023-09-27 4:33:16.100
422,866,38,1018,81,32.0,52,2023-09-27 4:33:20.100
422,865,39,1015,81,32.1,52,2023-09-27 4:33:24.100
421,866,33,1021,81,32.1,52,2023-09-27 4:33:28.100
422,865,37,1015,82,32.1,52,2023-09-27 4:33:32.100
421,864,38,1019,81,32.1,52,2023-09-27 4:33:36.100
421,867,35,1018,81,32.1,52,2023-09-27 4:33:40.100
422,864,38,1018,80,32.1,52,2023-09-27 4:33:44.100
420,870,32,1020,80,32.0,52,2023-09-27 4:33:48.100
420,868,34,1019,80,32.1,52,2023-09-27 4:33:52.100
420,868,36,1020,80,32.1,52,2023-09-27 4:33:56.100
420,866,34,1018,81,32.1,52,2023-09-27 4:34:00.100
419,868,33,1020,80,32.1,52,2023-09-27 4:34:04.100
420,868,34,1019,80,32.1,52,2023-09-27 4:34:08.100
421,867,35,1018,80,32.1,52,2023-09-27 4:34:12.100
420,868,36,1020,80,32.0,52,2023-09-27 4:34:16.100
421,864,36,1018,80,32.1,52,2023-09-27 4:34:20.100
421,869,36,1020,80,32.0,52,2023-09-27 4:34:24.100
422,868,37,1016,80,32.1,52,2023-09-27 4:34:28.100
421,866,38,1017,80,32.1,52,2023-09-27 4:34:32.100
420,868,38,1020,80,32.0,52,2023-09-27 4:34:36.100
421,866,36,1016,80,32.1,52,2023-09-27 4:34:40.100
419,868,33,1018,80,32.1,52,2023-09-27 4:34:44.100
422,865,37,1018,81,32.1,52,2023-09-27 4:34:48.100
420,869,36,1020,81,32.0,52,2023-09-27 4:34:52.100
422,866,38,1018,82,32.1,52,2023-09-27 4:34:56.100
422,867,38,1018,80,32.1,52,2023-09-27 4:35:00.100
421,865,36,1018,80,32.1,52,2023-09-27 4:35:04.100
421,865,35,1019,81,32.1,52,2023-09-27 4:35:08.100
423,866,36,1018,81,32.1,52,2023-09-27 4:35:12.100
423,865,38,1018,81,32.1,52,2023-09-27 4:35:16.100
422,865,38,1018,81,32.1,52,2023-09-27 4:35:20.100
422,866,39,1018,81,32.1,52,2023-09-27 4:35:24.100
420,868,36,1020,81,32.1,52,2023-09-27 4:35:28.100
421,865,36,1019,81,32.1,52,2023-09-27 4:35:32.100
421,869,37,1019,81,32.1,52,2023-09-27 4:35:36.100
422,867,37,1018,81,32.0,52,2023-09-27 4:35:40.100
419,865,36,1018,81,32.1,52,2023-09-27 4:35:44.100
420,869,33,1018,82,32.1,52,2023-09-27 4:35:48.100
422,866,35,1017,82,32.1,52,2023-09-27 4:35:52.100
419,869,33,1019,82,32.1,52,2023-09-27 4:35:56.100
422,866,37,1017,82,32.1,52,2023-09-27 4:36:00.100
420,868,34,1021,82,32.1,52,2023-09-27 4:36:04.100
423,867,34,1018,82,32.1,52,2023-09-27 4:36:08.100
422,869,35,1020,82,32.0,52,2023-09-27 4:36:12.100
424,864,37,1016,82,32.1,52,2023-09-27 4:36:16.100
422,866,37,1016,82,32.1,52,2023-09-27 4:36:20.100
422,868,38,1019,83,32.1,52,2023-09-27 4:36:24.100
421,865,37,1019,82,32.1,52,2023-09-27 4:36:28.100
421,870,36,1021,82,32.1,52,2023-09-27 4:36:32.100
421,865,36,1017,82,32.1,52,2023-09-27 4:36:36.100
423,868,34,1019,83,32.1,52,2023-09-27 4:36:40.100
421,868,34,1020,82,32.1,52,2023-09-27 4:36:44.100
420,868,35,1019,82,32.1,52,2023-09-27 4:36:48.100
422,867,35,1020,82,32.1,52,2023-09-27 4:36:52.100
422,865,40,1016,82,32.1,52,2023-09-27 4:36:56.100
421,867,34,1021,82,32.1,52,2023-09-27 4:37:00.100
420,869,35,1021,82,32.1,52,2023-09-27 4:37:04.100
419,870,34,1022,82,32.1,52,2023-09-27 4:37:08.100
420,869,34,1019,82,32.1,52,2023-09-27 4:37:12.100
421,867,35,1019,82,32.1,52,2023-09-27 4:37:16.100
421,866,38,1017,82,32.1,52,2023-09-27 4:37:20.100
419,867,34,1018,82,32.1,52,2023-09-27 4:37:24.100
422,865,37,1018,82,32.1,52,2023-09-27 4:37:28.100
420,869,33,1018,82,32.1,52,2023-09-27 4:37:32.100
423,865,35,1017,82,32.1,52,2023-09-27 4:37:36.100
419,869,34,1019,82,32.1,52,2023-09-27 4:37:40.100
422,865,37,1018,82,32.1,52,2023-09-27 4:37:44.100
421,868,34,1021,82,32.1,52,2023-09-27 4:37:48.100
420,868,36,1019,81,32.1,52,2023-09-27 4:37:52.100
420,867,36,1018,83,32.1,52,2023-09-27 4:37:56.100
420,869,33,1021,84,32.1,52,2023-09-27 4:38:00.100
420,866,35,1018,82,32.1,52,2023-09-27 4:38:04.100
422,866,38,1018,83,32.1,52,2023-09-27 4:38:08.100
420,868,36,1019,82,32.1,52,2023-09-27 4:38:12.100
421,865,39,1016,83,32.1,52,2023-09-27 4:38:16.100
422,865,37,1018,83,32.1,52,2023-09-27 4:38:20.100
420,868,35,1020,83,32.1,52,2023-09-27 4:38:24.100
419,870,33,1021,83,32.1,52,2023-09-27 4:38:28.100
421,867,37,1016,83,32.1,52,2023-09-27 4:38:32.100
421,866,37,1018,83,32.1,52,2023-09-27 4:38:36.100
421,866,36,1018,83,32.1,52,2023-09-27 4:38:40.100
420,868,35,1019,83,32.1,52,2023-09-27 4:38:44.100
419,867,33,1021,83,32.1,52,2023-09-27 4:38:48.100
423,867,37,1019,83,32.1,52,2023-09-27 4:38:52.100
421,866,38,1019,83,32.1,51,2023-09-27 4:38:56.100
421,869,36,1021,83,32.1,52,2023-09-27 4:39:00.100
420,868,36,1022,83,32.1,51,2023-09-27 4:39:04.100
421,869,35,1019,83,32.1,52,2023-09-27 4:39:08.100
420,870,33,1018,83,32.1,52,2023-09-27 4:39:12.100
421,865,35,1018,83,32.1,52,2023-09-27 4:39:16.100
421,866,35,1019,83,32.1,52,2023-09-27 4:39:20.100
421,870,35,1017,83,32.1,52,2023-09-27 4:39:24.100
421,865,37,1015,83,32.1,51,2023-09-27 4:39:28.100
422,867,37,1017,83,32.1,51,2023-09-27 4:39:32.100
421,868,38,1021,83,32.1,51,2023-09-27 4:39:36.100
422,866,38,1018,82,32.1,51,2023-09-27 4:39:40.100
422,866,37,1018,82,32.1,51,2023-09-27 4:39:44.100
422,866,35,1017,83,32.1,51,2023-09-27 4:39:48.100
422,866,36,1016,83,32.1,51,2023-09-27 4:39:52.100
419,867,34,1022,84,32.1,51,2023-09-27 4:39:56.100
422,870,36,1019,84,32.1,51,2023-09-27 4:40:00.100
421,865,37,1017,84,32.1,51,2023-09-27 4:40:04.100
421,866,37,1019,84,32.1,51,2023-09-27 4:40:08.100
421,867,36,1020,84,32.1,51,2023-09-27 4:40:12.100
421,869,36,1020,84,32.1,51,2023-09-27 4:40:16.100
421,867,35,1019,84,32.1,51,2023-09-27 4:40:20.100
422,866,37,1016,84,32.1,51,2023-09-27 4:40:24.100
421,866,35,1019,84,32.1,51,2023-09-27 4:40:28.100
421,865,38,1016,84,32.1,51,2023-09-27 4:40:32.100
420,869,37,1019,84,32.1,51,2023-09-27 4:40:36.100
422,865,35,1020,84,32.1,51,2023-09-27 4:40:40.100
422,865,37,1017,84,32.1,51,2023-09-27 4:40:44.100
422,865,38,1018,85,32.1,51,2023-09-27 4:40:48.100
420,867,35,1019,84,32.1,51,2023-09-27 4:40:52.100
422,867,37,1017,84,32.1,51,2023-09-27 4:40:56.100
420,870,35,1020,84,32.1,51,2023-09-27 4:41:00.100
421,868,35,1021,85,32.1,51,2023-09-27 4:41:04.100
422,865,38,1018,85,32.1,51,2023-09-27 4:41:08.100
422,866,37,1017,85,32.1,51,2023-09-27 4:41:12.100
419,868,34,1021,85,32.1,51,2023-09-27 4:41:16.100
422,868,35,1020,85,32.1,51,2023-09-27 4:41:20.100
420,865,37,1020,85,32.1,51,2023-09-27 4:41:24.100
424,865,38,1021,85,32.1,51,2023-09-27 4:41:28.100
420,869,36,1018,85,32.1,51,2023-09-27 4:41:32.100
423,865,36,1016,85,32.1,51,2023-09-27 4:41:36.100
423,866,37,1015,85,32.1,51,2023-09-27 4:41:40.100
421,868,34,1021,85,32.1,51,2023-09-27 4:41:44.100
421,869,34,1022,85,32.1,51,2023-09-27 4:41:48.100
420,870,34,1020,85,32.1,51,2023-09-27 4:41:52.100
422,866,36,1018,85,32.1,51,2023-09-27 4:41:56.100
420,868,36,1020,85,32.1,51,2023-09-27 4:42:00.100
419,870,34,1018,85,32.1,51,2023-09-27 4:42:04.100
423,866,37,1017,85,32.1,51,2023-09-27 4:42:08.100
419,867,36,1020,85,32.1,51,2023-09-27 4:42:12.100
420,869,36,1019,85,32.1,51,2023-09-27 4:42:16.100
423,867,34,1021,85,32.1,51,2023-09-27 4:42:20.100
419,869,36,1021,85,32.1,51,2023-09-27 4:42:24.100
419,866,36,1018,85,32.1,51,2023-09-27 4:42:28.100
421,865,38,1018,85,32.1,51,2023-09-27 4:42:32.100
422,865,38,1017,85,32.1,51,2023-09-27 4:42:36.100
421,865,37,1017,85,32.1,51,2023-09-27 4:42:40.100
418,867,36,1019,85,32.1,51,2023-09-27 4:42:44.100
424,866,37,1015,85,32.1,51,2023-09-27 4:42:48.100
420,868,37,1018,85,32.1,51,2023-09-27 4:42:52.100
419,868,33,1021,85,32.1,51,2023-09-27 4:42:56.100
419,869,34,1021,85,32.1,51,2023-09-27 4:43:00.100
421,866,32,1021,85,32.1,51,2023-09-27 4:43:04.100
420,866,37,1020,85,32.1,51,2023-09-27 4:43:08.100
420,869,36,1021,85,32.1,51,2023-09-27 4:43:12.100
422,865,39,1016,85,32.1,51,2023-09-27 4:43:16.100
420,870,35,1019,85,32.1,51,2023-09-27 4:43:20.100
421,867,35,1019,85,32.1,51,2023-09-27 4:43:24.100
423,866,36,1019,85,32.1,51,2023-09-27 4:43:28.100
420,870,33,1020,85,32.1,51,2023-09-27 4:43:32.100
420,868,36,1019,85,32.1,51,2023-09-27 4:43:36.100
418,867,37,1018,85,32.1,51,2023-09-27 4:43:40.100
420,867,34,1021,85,32.1,51,2023-09-27 4:43:44.100
420,869,36,1020,85,32.1,51,2023-09-27 4:43:48.100
420,868,35,1021,85,32.1,51,2023-09-27 4:43:52.100
419,868,36,1022,85,32.1,51,2023-09-27 4:43:56.100
422,868,33,1020,85,32.1,51,2023-09-27 4:44:00.100
421,865,38,1019,85,32.1,51,2023-09-27 4:44:04.100
423,864,38,1018,85,32.1,51,2023-09-27 4:44:08.100
420,869,36,1020,85,32.1,51,2023-09-27 4:44:12.100
419,868,35,1019,85,32.1,51,2023-09-27 4:44:16.100
422,865,37,1015,85,32.1,51,2023-09-27 4:44:20.100
421,869,36,1022,85,32.1,51,2023-09-27 4:44:24.100
420,868,34,1019,85,32.1,51,2023-09-27 4:44:28.100
419,868,33,1021,85,32.1,51,2023-09-27 4:44:32.100
422,866,37,1019,85,32.1,51,2023-09-27 4:44:36.100
422,866,37,1018,85,32.1,51,2023-09-27 4:44:40.100
421,866,35,1018,85,32.1,51,2023-09-27 4:44:44.100
422,865,38,1016,85,32.1,51,2023-09-27 4:44:48.100
422,866,38,1018,85,32.1,51,2023-09-27 4:44:52.100
422,868,37,1020,85,32.1,51,2023-09-27 4:44:56.100
420,869,35,1020,85,32.1,51,2023-09-27 4:45:00.100
420,866,34,1019,85,32.1,51,2023-09-27 4:45:04.100
422,867,35,1017,85,32.1,51,2023-09-27 4:45:08.100
421,866,38,1018,85,32.1,51,2023-09-27 4:45:12.100
421,865,38,1019,85,32.1,51,2023-09-27 4:45:16.100
420,870,34,1020,85,32.1,51,2023-09-27 4:45:20.100
423,866,37,1018,85,32.1,51,2023-09-27 4:45:24.100
419,866,33,1021,85,32.2,51,2023-09-27 4:45:28.100
420,868,35,1021,85,32.1,51,2023-09-27 4:45:32.100
423,867,38,1018,85,32.1,51,2023-09-27 4:45:36.100
421,866,38,1018,85,32.1,51,2023-09-27 4:45:40.100
421,865,37,1016,85,32.1,51,2023-09-27 4:45:44.100
421,865,38,1015,85,32.1,51,2023-09-27 4:45:48.100
422,869,37,1018,85,32.1,51,2023-09-27 4:45:52.100
422,865,36,1018,85,32.2,51,2023-09-27 4:45:56.100
423,866,37,1017,85,32.1,51,2023-09-27 4:46:00.100
420,869,34,1021,85,32.1,51,2023-09-27 4:46:04.100
421,865,36,1019,85,32.1,51,2023-09-27 4:46:08.100
419,869,34,1021,85,32.1,51,2023-09-27 4:46:12.100
422,866,35,1018,85,32.1,51,2023-09-27 4:46:16.100
421,865,37,1016,85,32.1,51,2023-09-27 4:46:20.100
421,870,35,1019,85,32.1,51,2023-09-27 4:46:24.100
420,871,33,1020,85,32.1,51,2023-09-27 4:46:28.100
420,865,37,1017,85,32.1,51,2023-09-27 4:46:32.100
420,868,37,1018,85,32.1,51,2023-09-27 4:46:36.100
421,870,33,1022,85,32.1,51,2023-09-27 4:46:40.100
419,868,37,1017,85,32.2,51,2023-09-27 4:46:44.100
422,870,36,1018,85,32.1,51,2023-09-27 4:46:48.100
422,865,38,1016,85,32.1,51,2023-09-27 4:46:52.100
419,866,37,1019,85,32.1,51,2023-09-27 4:46:56.100
422,865,37,1015,85,32.1,51,2023-09-27 4:47:00.100
424,867,37,1018,85,32.1,51,2023-09-27 4:47:04.100
423,865,36,1018,85,32.1,51,2023-09-27 4:47:08.100
420,867,37,1017,85,32.1,51,2023-09-27 4:47:12.100
421,865,38,1015,85,32.1,51,2023-09-27 4:47:16.100
421,870,33,1020,85,32.1,51,2023-09-27 4:47:20.100
423,865,37,1017,85,32.2,51,2023-09-27 4:47:24.100
423,865,38,1017,85,32.1,51,2023-09-27 4:47:28.100
422,865,37,1018,85,32.1,51,2023-09-27 4:47:32.100
424,865,38,1019,85,32.1,51,2023-09-27 4:47:36.100
421,867,36,1018,85,32.2,51,2023-09-27 4:47:40.100
420,868,36,1021,85,32.1,51,2023-09-27 4:47:44.100
421,870,34,1022,85,32.1,51,2023-09-27 4:47:48.100
422,865,37,1018,85,32.1,51,2023-09-27 4:47:52.100
420,867,35,1020,85,32.1,51,2023-09-27 4:47:56.100
421,867,36,1017,84,32.2,51,2023-09-27 4:48:00.100
421,867,33,1018,84,32.2,51,2023-09-27 4:48:04.100
421,869,37,1020,84,32.2,51,2023-09-27 4:48:08.100
420,865,37,1019,84,32.1,51,2023-09-27 4:48:12.100
423,865,37,1017,84,32.2,51,2023-09-27 4:48:16.100
422,869,36,1018,84,32.2,51,2023-09-27 4:48:20.100
422,867,38,1016,84,32.2,51,2023-09-27 4:48:24.100
421,867,36,1019,84,32.1,51,2023-09-27 4:48:28.100
420,869,33,1020,84,32.2,51,2023-09-27 4:48:32.100
422,866,36,1016,84,32.1,51,2023-09-27 4:48:36.100
421,866,35,1020,84,32.1,51,2023-09-27 4:48:40.100
421,868,34,1022,84,32.2,51,2023-09-27 4:48:44.100
421,865,37,1016,84,32.1,51,2023-09-27 4:48:48.100
420,870,34,1022,84,32.1,51,2023-09-27 4:48:52.100
421,869,34,1021,84,32.1,51,2023-09-27 4:48:56.100
420,867,34,1022,84,32.1,51,2023-09-27 4:49:00.100
422,868,35,1018,84,32.1,51,2023-09-27 4:49:04.100
421,865,37,1018,84,32.2,51,2023-09-27 4:49:08.100
420,868,36,1021,84,32.2,51,2023-09-27 4:49:12.100
420,869,33,1021,84,32.1,51,2023-09-27 4:49:16.100
420,869,34,1021,84,32.1,51,2023-09-27 4:49:20.100
420,869,36,1019,84,32.1,51,2023-09-27 4:49:24.100
420,868,34,1021,85,32.1,51,2023-09-27 4:49:28.100
419,869,33,1022,84,32.1,51,2023-09-27 4:49:32.100
423,867,37,1017,84,32.2,51,2023-09-27 4:49:36.100
424,864,38,1016,84,32.1,51,2023-09-27 4:49:40.100
423,867,38,1017,84,32.1,51,2023-09-27 4:49:44.100
422,866,37,1019,84,32.1,51,2023-09-27 4:49:48.100
422,867,38,1019,84,32.2,51,2023-09-27 4:49:52.100
424,867,38,1017,84,32.2,51,2023-09-27 4:49:56.100
421,865,39,1017,84,32.1,51,2023-09-27 4:50:00.100
422,867,35,1021,84,32.2,51,2023-09-27 4:50:04.100
421,870,35,1020,84,32.1,51,2023-09-27 4:50:08.100
420,871,36,1019,84,32.2,51,2023-09-27 4:50:12.100
421,866,38,1018,84,32.1,51,2023-09-27 4:50:16.100
420,865,35,1017,84,32.2,51,2023-09-27 4:50:20.100
420,869,34,1019,84,32.1,51,2023-09-27 4:50:24.100
423,865,37,1016,84,32.2,51,2023-09-27 4:50:28.100
422,866,35,1017,84,32.2,51,2023-09-27 4:50:32.100
423,865,38,1017,84,32.2,51,2023-09-27 4:50:36.100
422,865,39,1017,84,32.1,51,2023-09-27 4:50:40.100
419,870,34,1019,84,32.2,51,2023-09-27 4:50:44.100
421,868,36,1019,84,32.1,51,2023-09-27 4:50:48.100
422,865,37,1016,84,32.2,51,2023-09-27 4:50:52.100
422,866,34,1019,84,32.2,51,2023-09-27 4:50:56.100
424,866,38,1017,84,32.1,51,2023-09-27 4:51:00.100
421,868,34,1020,85,32.1,51,2023-09-27 4:51:04.100
420,869,34,1022,84,32.2,51,2023-09-27 4:51:08.100
422,867,35,1019,84,32.2,51,2023-09-27 4:51:12.100
419,869,35,1018,84,32.2,51,2023-09-27 4:51:16.100
421,868,34,1022,84,32.2,51,2023-09-27 4:51:20.100
421,868,36,1020,84,32.2,51,2023-09-27 4:51:24.100
420,870,33,1022,84,32.2,51,2023-09-27 4:51:28.100
421,869,35,1018,84,32.2,51,2023-09-27 4:51:32.100
420,870,33,1019,84,32.2,51,2023-09-27 4:51:36.100
419,867,37,1017,84,32.2,51,2023-09-27 4:51:40.100
421,870,37,1020,83,32.2,51,2023-09-27 4:51:44.100
423,868,38,1021,84,32.2,51,2023-09-27 4:51:48.100
424,865,36,1019,84,32.2,51,2023-09-27 4:51:52.100
419,870,34,1019,83,32.2,51,2023-09-27 4:51:56.100
421,866,35,1018,83,32.2,51,2023-09-27 4:52:00.100
419,866,35,1020,84,32.1,51,2023-09-27 4:52:04.100
423,867,38,1016,84,32.2,51,2023-09-27 4:52:08.100
422,867,37,1018,84,32.2,51,2023-09-27 4:52:12.100
422,867,37,1017,84,32.2,51,2023-09-27 4:52:16.100
420,870,34,1020,84,32.2,51,2023-09-27 4:52:20.100
423,869,36,1018,84,32.2,51,2023-09-27 4:52:24.100
420,868,34,1022,84,32.2,51,2023-09-27 4:52:28.100
422,863,37,1016,84,32.2,51,2023-09-27 4:52:32.100
420,869,33,1021,84,32.3,51,2023-09-27 4:52:36.100
423,867,38,1020,84,32.2,51,2023-09-27 4:52:40.100
421,870,33,1021,84,32.3,51,2023-09-27 4:52:44.100
419,866,37,1022,84,32.2,51,2023-09-27 4:52:48.100
422,866,37,1017,84,32.3,51,2023-09-27 4:52:52.100
422,870,33,1021,84,32.2,51,2023-09-27 4:52:56.100
422,868,33,1018,84,32.1,51,2023-09-27 4:53:00.100
421,865,39,1015,84,32.2,51,2023-09-27 4:53:04.100
421,869,36,1019,84,32.2,51,2023-09-27 4:53:08.100
419,867,36,1020,84,32.1,51,2023-09-27 4:53:12.100
421,867,36,1017,84,32.2,51,2023-09-27 4:53:16.100
422,869,35,1022,84,32.2,51,2023-09-27 4:53:20.100
423,866,38,1017,84,32.2,51,2023-09-27 4:53:24.100
420,868,36,1019,84,32.2,51,2023-09-27 4:53:28.100
423,866,36,1017,84,32.2,51,2023-09-27 4:53:32.100
422,867,36,1017,84,32.2,51,2023-09-27 4:53:36.100
424,866,37,1019,84,32.1,51,2023-09-27 4:53:40.100
419,869,33,1020,84,32.2,51,2023-09-27 4:53:44.100
420,868,34,1021,84,32.2,51,2023-09-27 4:53:48.100
422,866,36,1018,84,32.2,51,2023-09-27 4:53:52.100
420,869,36,1020,84,32.1,51,2023-09-27 4:53:56.100
421,866,38,1018,84,32.3,51,2023-09-27 4:54:00.100
421,865,38,1018,84,32.2,51,2023-09-27 4:54:04.100
422,870,36,1021,84,32.2,51,2023-09-27 4:54:08.100
421,868,36,1019,84,32.2,51,2023-09-27 4:54:12.100
419,870,33,1019,84,32.2,51,2023-09-27 4:54:16.100
422,865,38,1017,84,32.2,51,2023-09-27 4:54:20.100
420,868,37,1020,84,32.3,51,2023-09-27 4:54:24.100
422,869,34,1020,84,32.2,51,2023-09-27 4:54:28.100
420,868,34,1021,84,32.2,51,2023-09-27 4:54:32.100
420,869,33,1020,84,32.2,51,2023-09-27 4:54:36.100
424,865,38,1017,84,32.2,51,2023-09-27 4:54:40.100
420,865,37,1019,84,32.2,51,2023-09-27 4:54:44.100
421,865,38,1018,84,32.2,51,2023-09-27 4:54:48.100
422,865,39,1018,83,32.2,51,2023-09-27 4:54:52.100
419,869,34,1019,83,32.2,51,2023-09-27 4:54:56.100
421,865,38,1019,83,32.2,51,2023-09-27 4:55:00.100
420,872,35,1020,83,32.2,51,2023-09-27 4:55:04.100
422,868,36,1020,83,32.2,51,2023-09-27 4:55:08.100
421,868,35,1022,83,32.2,51,2023-09-27 4:55:12.100
421,871,35,1020,83,32.1,51,2023-09-27 4:55:16.100
422,871,35,1021,83,32.2,51,2023-09-27 4:55:20.100
421,866,35,1019,83,32.2,51,2023-09-27 4:55:24.100
422,867,37,1018,83,32.2,51,2023-09-27 4:55:28.100
420,869,36,1021,83,32.1,51,2023-09-27 4:55:32.100
420,870,34,1022,83,32.2,51,2023-09-27 4:55:36.100
419,868,34,1020,83,32.3,51,2023-09-27 4:55:40.100
421,869,36,1019,83,32.2,51,2023-09-27 4:55:44.100
421,871,35,1021,83,32.2,51,2023-09-27 4:55:48.100
423,866,37,1017,83,32.2,51,2023-09-27 4:55:52.100
421,867,33,1019,83,32.1,51,2023-09-27 4:55:56.100
422,868,33,1021,83,32.2,51,2023-09-27 4:56:00.100
423,865,38,1018,83,32.2,51,2023-09-27 4:56:04.100
420,868,36,1021,83,32.2,51,2023-09-27 4:56:08.100
423,867,35,1020,83,32.2,51,2023-09-27 4:56:12.100
421,864,38,1018,83,32.2,51,2023-09-27 4:56:16.100
422,867,38,1017,83,32.2,51,2023-09-27 4:56:20.100
422,865,35,1019,83,32.2,51,2023-09-27 4:56:24.100
423,866,37,1018,82,32.2,51,2023-09-27 4:56:28.100
421,866,38,1017,83,32.2,51,2023-09-27 4:56:32.100
423,866,36,1021,83,32.2,51,2023-09-27 4:56:36.100
420,868,34,1020,83,32.2,51,2023-09-27 4:56:40.100
420,869,33,1021,83,32.2,51,2023-09-27 4:56:44.100
422,868,35,1019,83,32.2,51,2023-09-27 4:56:48.100
420,870,34,1021,83,32.2,51,2023-09-27 4:56:52.100
420,868,34,1023,83,32.2,51,2023-09-27 4:56:56.100
423,866,38,1016,83,32.2,51,2023-09-27 4:57:00.100
421,867,33,1020,83,32.2,51,2023-09-27 4:57:04.100
421,869,34,1022,83,32.2,51,2023-09-27 4:57:08.100
421,869,36,1019,83,32.2,51,2023-09-27 4:57:12.100
423,867,38,1018,83,32.1,51,2023-09-27 4:57:16.100
422,865,35,1017,83,32.2,51,2023-09-27 4:57:20.100
423,866,37,1015,83,32.2,51,2023-09-27 4:57:24.100
422,870,37,1022,83,32.3,51,2023-09-27 4:57:28.100
419,867,34,1021,82,32.2,51,2023-09-27 4:57:32.100
423,866,37,1016,82,32.2,51,2023-09-27 4:57:36.100
421,869,33,1020,82,32.2,51,2023-09-27 4:57:40.100
419,868,34,1019,82,32.2,51,2023-09-27 4:57:44.100
421,866,38,1018,82,32.2,51,2023-09-27 4:57:48.100
420,867,36,1017,82,32.3,51,2023-09-27 4:57:52.100
420,867,34,1021,81,32.2,51,2023-09-27 4:57:56.100
420,867,34,1017,82,32.2,51,2023-09-27 4:58:00.100
419,866,36,1019,83,32.3,51,2023-09-27 4:58:04.100
420,867,37,1021,82,32.3,51,2023-09-27 4:58:08.100
421,866,36,1018,83,32.2,51,2023-09-27 4:58:12.100
420,869,33,1020,82,32.3,51,2023-09-27 4:58:16.100
421,868,35,1020,82,32.2,51,2023-09-27 4:58:20.100
421,868,35,1019,82,32.3,51,2023-09-27 4:58:24.100
422,868,35,1020,82,32.3,51,2023-09-27 4:58:28.100
418,868,33,1017,82,32.3,51,2023-09-27 4:58:32.100
421,866,35,1021,82,32.2,51,2023-09-27 4:58:36.100
422,865,38,1019,82,32.3,51,2023-09-27 4:58:40.100
421,865,35,1017,82,32.2,51,2023-09-27 4:58:44.100
424,865,40,1016,82,32.3,51,2023-09-27 4:58:48.100
422,867,34,1019,82,32.3,51,2023-09-27 4:58:52.100
420,867,35,1021,82,32.3,50,2023-09-27 4:58:56.100
421,866,38,1019,82,32.2,51,2023-09-27 4:59:00.100
421,868,34,1022,82,32.2,51,2023-09-27 4:59:04.100
421,866,38,1015,82,32.2,51,2023-09-27 4:59:08.100
422,865,38,1017,82,32.2,51,2023-09-27 4:59:12.100
421,865,38,1018,82,32.3,50,2023-09-27 4:59:16.100
423,866,37,1018,82,32.2,50,2023-09-27 4:59:20.100
421,869,38,1020,82,32.2,51,2023-09-27 4:59:24.100
422,869,37,1020,82,32.3,50,2023-09-27 4:59:28.100
421,865,37,1017,82,32.3,50,2023-09-27 4:59:32.100
422,867,37,1018,82,32.2,50,2023-09-27 4:59:36.100
419,869,35,1023,82,32.2,50,2023-09-27 4:59:40.100
420,867,34,1020,82,32.2,50,2023-09-27 4:59:44.100
422,868,35,1021,82,32.2,50,2023-09-27 4:59:48.100
422,865,38,1017,82,32.3,50,2023-09-27 4:59:52.100
421,866,37,1018,82,32.2,50,2023-09-27 4:59:56.100
422,866,37,1018,82,32.3,50,2023-09-27 5:00:00.100
422,867,36,1018,82,32.2,50,2023-09-27 5:00:04.100
421,869,37,1021,82,32.3,50,2023-09-27 5:00:08.100
422,865,36,1018,82,32.3,50,2023-09-27 5:00:12.100
422,867,38,1017,82,32.2,50,2023-09-27 5:00:16.100
422,867,37,1017,82,32.2,50,2023-09-27 5:00:20.100
423,866,37,1017,81,32.2,50,2023-09-27 5:00:24.100
420,869,36,1020,81,32.3,50,2023-09-27 5:00:28.100
422,865,38,1018,81,32.3,50,2023-09-27 5:00:32.100
422,866,38,1018,81,32.2,50,2023-09-27 5:00:36.100
422,865,36,1018,81,32.3,50,2023-09-27 5:00:40.100
421,868,35,1019,81,32.2,50,2023-09-27 5:00:44.100
421,866,36,1018,81,32.3,50,2023-09-27 5:00:48.100
422,866,37,1017,82,32.2,50,2023-09-27 5:00:52.100
420,867,36,1019,82,32.3,50,2023-09-27 5:00:56.100
422,865,36,1016,82,32.3,50,2023-09-27 5:01:00.100
421,869,34,1020,82,32.3,50,2023-09-27 5:01:04.100
421,868,34,1022,82,32.2,50,2023-09-27 5:01:08.100
421,865,38,1017,83,32.3,50,2023-09-27 5:01:12.100
419,869,36,1019,83,32.2,50,2023-09-27 5:01:16.100
423,865,41,1017,83,32.3,50,2023-09-27 5:01:20.100
422,866,40,1017,83,32.2,50,2023-09-27 5:01:24.100
422,867,37,1016,83,32.2,50,2023-09-27 5:01:28.100
423,864,37,1015,83,32.3,50,2023-09-27 5:01:32.100
422,866,39,1017,83,32.3,50,2023-09-27 5:01:36.100
420,869,36,1019,83,32.2,50,2023-09-27 5:01:40.100
421,865,39,1015,83,32.2,50,2023-09-27 5:01:44.100
419,869,33,1020,83,32.2,50,2023-09-27 5:01:48.100
422,865,39,1016,83,32.2,50,2023-09-27 5:01:52.100
421,869,36,1017,83,32.2,50,2023-09-27 5:01:56.100
422,867,35,1019,83,32.3,50,2023-09-27 5:02:00.100
423,870,35,1019,83,32.3,50,2023-09-27 5:02:04.100
420,868,34,1021,83,32.2,50,2023-09-27 5:02:08.100
420,868,33,1022,83,32.2,50,2023-09-27 5:02:12.100
421,866,35,1018,83,32.3,50,2023-09-27 5:02:16.100
420,865,38,1017,83,32.2,50,2023-09-27 5:02:20.100
422,866,40,1017,83,32.2,50,2023-09-27 5:02:24.100
421,865,36,1022,83,32.2,50,2023-09-27 5:02:28.100
419,867,34,1019,83,32.3,50,2023-09-27 5:02:32.100
419,867,36,1019,83,32.2,50,2023-09-27 5:02:36.100
421,869,37,1018,83,32.2,50,2023-09-27 5:02:40.100
420,869,37,1019,84,32.2,50,2023-09-27 5:02:44.100
423,865,37,1017,84,32.2,50,2023-09-27 5:02:48.100
422,865,40,1018,84,32.3,50,2023-09-27 5:02:52.100
419,867,37,1018,83,32.2,50,2023-09-27 5:02:56.100
420,869,35,1019,84,32.3,50,2023-09-27 5:03:00.100
422,866,37,1015,83,32.2,50,2023-09-27 5:03:04.100
421,869,34,1020,84,32.2,50,2023-09-27 5:03:08.100
421,865,37,1017,84,32.2,50,2023-09-27 5:03:12.100
421,868,39,1018,84,32.3,50,2023-09-27 5:03:16.100
423,868,36,1019,84,32.3,50,2023-09-27 5:03:20.100
421,869,34,1019,84,32.2,50,2023-09-27 5:03:24.100
424,867,38,1018,84,32.2,49,2023-09-27 5:03:28.100
421,869,36,1022,84,32.2,49,2023-09-27 5:03:32.100
421,867,37,1017,84,32.3,49,2023-09-27 5:03:36.100
422,868,35,1020,84,32.3,49,2023-09-27 5:03:40.100
422,865,39,1017,84,32.3,49,2023-09-27 5:03:44.100
424,865,38,1018,84,32.3,49,2023-09-27 5:03:48.100
423,866,39,1016,84,32.2,49,2023-09-27 5:03:52.100
421,865,39,1016,84,32.3,49,2023-09-27 5:03:56.100
423,865,39,1017,84,32.2,49,2023-09-27 5:04:00.100
422,867,38,1018,84,32.2,49,2023-09-27 5:04:04.100
422,868,38,1016,84,32.3,49,2023-09-27 5:04:08.100
422,868,36,1021,84,32.3,49,2023-09-27 5:04:12.100
421,865,35,1019,84,32.3,49,2023-09-27 5:04:16.100
422,867,37,1017,84,32.2,49,2023-09-27 5:04:20.100
424,866,36,1018,84,32.3,49,2023-09-27 5:04:24.100
421,865,39,1017,84,32.2,49,2023-09-27 5:04:28.100
421,869,36,1020,84,32.3,49,2023-09-27 5:04:32.100
422,869,36,1020,84,32.3,49,2023-09-27 5:04:36.100
419,866,38,1018,84,32.2,49,2023-09-27 5:04:40.100
422,867,38,1017,84,32.3,49,2023-09-27 5:04:44.100
422,866,39,1017,84,32.3,49,2023-09-27 5:04:48.100
420,868,34,1020,84,32.3,49,2023-09-27 5:04:52.100
421,869,36,1020,84,32.3,49,2023-09-27 5:04:56.100
423,866,37,1017,84,32.2,49,2023-09-27 5:05:00.100
422,865,37,1018,84,32.3,49,2023-09-27 5:05:04.100
423,867,36,1019,84,32.3,49,2023-09-27 5:05:08.100
420,869,36,1021,84,32.2,49,2023-09-27 5:05:12.100
424,864,38,1017,84,32.2,49,2023-09-27 5:05:16.100
421,868,34,1019,84,32.2,49,2023-09-27 5:05:20.100
421,868,36,1019,84,32.3,49,2023-09-27 5:05:24.100
421,868,36,1017,84,32.2,49,2023-09-27 5:05:28.100
422,865,37,1016,84,32.2,49,2023-09-27 5:05:32.100
419,868,33,1019,84,32.3,49,2023-09-27 5:05:36.100
421,869,38,1019,84,32.2,49,2023-09-27 5:05:40.100
424,866,37,1016,83,32.2,49,2023-09-27 5:05:44.100
419,866,36,1020,83,32.2,49,2023-09-27 5:05:48.100
421,868,36,1018,83,32.3,49,2023-09-27 5:05:52.100
422,868,34,1021,83,32.2,49,2023-09-27 5:05:56.100
421,867,38,1020,83,32.2,49,2023-09-27 5:06:00.100
420,871,35,1021,83,32.2,49,2023-09-27 5:06:04.100
421,867,37,1021,83,32.2,49,2023-09-27 5:06:08.100
424,866,39,1016,83,32.2,49,2023-09-27 5:06:12.100
422,865,40,1017,83,32.2,49,2023-09-27 5:06:16.100
420,869,35,1020,83,32.3,49,2023-09-27 5:06:20.100
423,868,37,1021,83,32.2,49,2023-09-27 5:06:24.100
421,866,39,1015,83,32.3,49,2023-09-27 5:06:28.100
422,866,38,1018,82,32.2,49,2023-09-27 5:06:32.100
421,869,37,1019,82,32.3,49,2023-09-27 5:06:36.100
420,866,34,1020,81,32.2,49,2023-09-27 5:06:40.100
419,869,34,1021,80,32.2,49,2023-09-27 5:06:44.100
423,865,39,1016,79,32.3,49,2023-09-27 5:06:48.100
421,868,34,1020,79,32.2,49,2023-09-27 5:06:52.100